##contig=<ID=chrhs37d5,length=35477943>
##phasing=none
##commandline="/mnt/storage1/share/opt/freebayes-1.3.2/bin/freebayes -t /tmp/115612.1.default_srv013/megSAP_user_bioinf/vc_freebayes_pid16787_CaGOL3/chr1.bed --min-alternate-fraction 0.1 --min-m
apping-quality 1 --min-base-quality 15 --min-alternate-count 3 -f /tmp/local_ngs_data//GRCh37.fa -b /mnt/storage1/projects/research//20096C_0503_Hannover/Sample_FO13636x01_02//FO13636x01_02.bam 
-v /tmp/115612.1.default_srv013/megSAP_user_bioinf/vc_freebayes_pid16787_CaGOL3/chr1.vcf"
##filter="QUAL > 5"
##INFO=<ID=NS,Number=.,Type=Integer,Description="Number of samples with data">
##INFO=<ID=DP,Number=.,Type=Integer,Description="Total read depth at the locus">
##INFO=<ID=DPB,Number=.,Type=Float,Description="Total read depth per bp at the locus; bases in reads overlapping / bases in haplotype">
##INFO=<ID=AC,Number=A,Type=Integer,Description="Total number of alternate alleles in called genotypes">
##INFO=<ID=AN,Number=.,Type=Integer,Description="Total number of alleles in called genotypes">
##INFO=<ID=AF,Number=A,Type=Float,Description="Estimated allele frequency in the range (0,1]">
##INFO=<ID=RO,Number=.,Type=Integer,Description="Count of full observations of the reference haplotype.">
##INFO=<ID=AO,Number=A,Type=Integer,Description="Count of full observations of this alternate haplotype.">
##INFO=<ID=PRO,Number=.,Type=Float,Description="Reference allele observation count, with partial observations recorded fractionally">
##INFO=<ID=PAO,Number=A,Type=Float,Description="Alternate allele observations, with partial observations recorded fractionally">
##INFO=<ID=QR,Number=.,Type=Integer,Description="Reference allele quality sum in phred">
##INFO=<ID=QA,Number=A,Type=Integer,Description="Alternate allele quality sum in phred">
##INFO=<ID=PQR,Number=.,Type=Float,Description="Reference allele quality sum in phred for partial observations">
##INFO=<ID=PQA,Number=A,Type=Float,Description="Alternate allele quality sum in phred for partial observations">
##INFO=<ID=SRF,Number=.,Type=Integer,Description="Number of reference observations on the forward strand">
##INFO=<ID=SRR,Number=.,Type=Integer,Description="Number of reference observations on the reverse strand">
##INFO=<ID=SAF,Number=A,Type=Integer,Description="Number of alternate observations on the forward strand">
##INFO=<ID=SAR,Number=A,Type=Integer,Description="Number of alternate observations on the reverse strand">
##INFO=<ID=SRP,Number=.,Type=Float,Description="Strand balance probability for the reference allele: Phred-scaled upper-bounds estimate of the probability of observing the deviation between SRF 
and SRR given E(SRF/SRR) ~ 0.5, derived using Hoeffding's inequality">
##INFO=<ID=SAP,Number=A,Type=Float,Description="Strand balance probability for the alternate allele: Phred-scaled upper-bounds estimate of the probability of observing the deviation between SAF 
and SAR given E(SAF/SAR) ~ 0.5, derived using Hoeffding's inequality">
##INFO=<ID=AB,Number=A,Type=Float,Description="Allele balance at heterozygous sites: a number between 0 and 1 representing the ratio of reads showing the reference allele to all reads, consideri
ng only reads from individuals called as heterozygous">
##INFO=<ID=ABP,Number=A,Type=Float,Description="Allele balance probability at heterozygous sites: Phred-scaled upper-bounds estimate of the probability of observing the deviation between ABR and
 ABA given E(ABR/ABA) ~ 0.5, derived using Hoeffding's inequality">
##INFO=<ID=RUN,Number=A,Type=Integer,Description="Run length: the number of consecutive repeats of the alternate allele in the reference genome">
##INFO=<ID=RPP,Number=A,Type=Float,Description="Read Placement Probability: Phred-scaled upper-bounds estimate of the probability of observing the deviation between RPL and RPR given E(RPL/RPR) 
~ 0.5, derived using Hoeffding's inequality">
##INFO=<ID=RPPR,Number=.,Type=Float,Description="Read Placement Probability for reference observations: Phred-scaled upper-bounds estimate of the probability of observing the deviation between R
PL and RPR given E(RPL/RPR) ~ 0.5, derived using Hoeffding's inequality">
##INFO=<ID=RPL,Number=A,Type=Float,Description="Reads Placed Left: number of reads supporting the alternate balanced to the left (5') of the alternate allele">
##INFO=<ID=RPR,Number=A,Type=Float,Description="Reads Placed Right: number of reads supporting the alternate balanced to the right (3') of the alternate allele">
##INFO=<ID=EPP,Number=A,Type=Float,Description="End Placement Probability: Phred-scaled upper-bounds estimate of the probability of observing the deviation between EL and ER given E(EL/ER) ~ 0.5
, derived using Hoeffding's inequality">
##INFO=<ID=EPPR,Number=.,Type=Float,Description="End Placement Probability for reference observations: Phred-scaled upper-bounds estimate of the probability of observing the deviation between EL
 and ER given E(EL/ER) ~ 0.5, derived using Hoeffding's inequality">
##INFO=<ID=DPRA,Number=A,Type=Float,Description="Alternate allele depth ratio.  Ratio between depth in samples with each called alternate allele and those without.">
##INFO=<ID=ODDS,Number=.,Type=Float,Description="The log odds ratio of the best genotype combination to the second-best.">
##INFO=<ID=GTI,Number=.,Type=Integer,Description="Number of genotyping iterations required to reach convergence or bailout.">
##INFO=<ID=TYPE,Number=A,Type=String,Description="The type of allele, either snp, mnp, ins, del, or complex.">
##INFO=<ID=CIGAR,Number=A,Type=String,Description="The extended CIGAR representation of each alternate allele, with the exception that '=' is replaced by 'M' to ease VCF parsing.  Note that INDE
L alleles do not have the first matched base (which is provided by default, per the spec) referred to by the CIGAR.">
##INFO=<ID=NUMALT,Number=.,Type=Integer,Description="Number of unique non-reference alleles in called genotypes at this position.">
##INFO=<ID=MEANALT,Number=A,Type=Float,Description="Mean number of unique non-reference allele observations per sample with the corresponding alternate alleles.">
##INFO=<ID=LEN,Number=A,Type=Integer,Description="allele length">
##INFO=<ID=MQM,Number=A,Type=Float,Description="Mean mapping quality of observed alternate alleles">
##INFO=<ID=MQMR,Number=.,Type=Float,Description="Mean mapping quality of observed reference alleles">
##INFO=<ID=PAIRED,Number=A,Type=Float,Description="Proportion of observed alternate alleles which are supported by properly paired read fragments">
##INFO=<ID=PAIREDR,Number=.,Type=Float,Description="Proportion of observed reference alleles which are supported by properly paired read fragments">
##INFO=<ID=MIN_DP,Number=1,Type=Integer,Description="Minimum depth in gVCF output block.">
##INFO=<ID=END,Number=1,Type=Integer,Description="Last position (inclusive) in gVCF output record.">
##INFO=<ID=technology.NovaSeq6000,Number=A,Type=Float,Description="Fraction of observations supporting the alternate observed in reads from NovaSeq6000">
##FILTER=<ID=off-target,Description="Variant marked as 'off-target'.">
##FORMAT=<ID=GT,Number=1,Type=String,Description="Genotype">
##FORMAT=<ID=GQ,Number=1,Type=Float,Description="Genotype Quality, the Phred-scaled marginal (or unconditional) probability of the called genotype">
##FORMAT=<ID=GL,Number=G,Type=Float,Description="Genotype Likelihood, log10-scaled likelihoods of the data given the called genotype for each possible genotype generated from the reference and a
lternate alleles given the sample ploidy">
##FORMAT=<ID=DP,Number=1,Type=Integer,Description="Read Depth">
##FORMAT=<ID=AD,Number=R,Type=Integer,Description="Number of observation for each allele">
##FORMAT=<ID=RO,Number=1,Type=Integer,Description="Reference allele observation count">
##FORMAT=<ID=QR,Number=1,Type=Integer,Description="Sum of quality of the reference observations">
##FORMAT=<ID=AO,Number=A,Type=Integer,Description="Alternate allele observation count">
##FORMAT=<ID=QA,Number=A,Type=Integer,Description="Sum of quality of the alternate observations">
##FORMAT=<ID=MIN_DP,Number=1,Type=Integer,Description="Minimum depth in gVCF output block.">
##ANALYSISTYPE=GERMLINE_SINGLESAMPLE
##PIPELINE=megSAP 0.2-401-ga1fbd89
##SAMPLE=<ID=FO13636x01_02,Gender=male,ExternalSampleName=20096a29;190007-PR1;Q001H208AU,IsTumor=no,IsFFPE=no,DiseaseGroup=n/a,DiseaseStatus=affected>
##INFO=<ID=CSQ,Number=.,Type=String,Description="Consequence annotations from Ensembl VEP. Format: Allele|Consequence|IMPACT|SYMBOL|HGNC_ID|Feature|Feature_type|EXON|INTRON|HGVSc|HGVSp|DOMAINS|S
IFT|PolyPhen|Existing_variation|AF|gnomAD_AF|gnomAD_AFR_AF|gnomAD_AMR_AF|gnomAD_EAS_AF|gnomAD_NFE_AF|gnomAD_SAS_AF|BIOTYPE|REVEL|FATHMM_MKL_C|FATHMM_MKL_NC|MaxEntScan_ref|MaxEntScan_alt|GeneSpli
cer|ada_score|rf_score|REPEATMASKER|PHYLOP|OMIM">
##REVEL=Rare Exome Variant Ensemble Learner 
##FATHMM_MKL_C=FATHMM-MKL coding score
##FATHMM_MKL_NC=FATHMM-MKL non-coding score
##MaxEntScan_alt=MaxEntScan alternate sequence score
##MaxEntScan_diff=MaxEntScan score difference
##MaxEntScan_ref=MaxEntScan reference sequence score
##GeneSplicer=GeneSplicer predictions
##ada_score=dbscSNV ADA score
##rf_score=dbscSNV RF score
##INFO=<ID=REPEATMASKER,Number=.,Type=String,Description="/tmp/local_ngs_data//ensembl-vep-dbs/RepeatMasker.bed.gz (overlap)">
##INFO=<ID=PHYLOP,Number=.,Type=String,Description="/tmp/local_ngs_data//ensembl-vep-dbs/hg19.100way.phyloP100way.bw (overlap)">
##INFO=<ID=OMIM,Number=.,Type=String,Description="/tmp/local_ngs_data//ensembl-vep-dbs/omim.bed.gz (overlap)">
##VEP="v100" time="2020-11-02 09:31:12" cache="/tmp/local_ngs_data/ensembl-vep-100/homo_sapiens_refseq/100_GRCh37" ensembl-io=100.f87ae4f ensembl-variation=100.b220ff4 ensembl-funcgen=100.f0c394
8 ensembl=100.171092c 1000genomes="phase3" COSMIC="90" ClinVar="201912" ESP="20141103" HGMD-PUBLIC="20194" assembly="GRCh37.p13" dbSNP="153" gencode="GENCODE 19" genebuild="2011-04" gnomAD="r2.1
" polyphen="2.2.2" refseq="01_2015" regbuild="1.0" sift="sift5.2.2"
##INFO=<ID=CSQ_refseq,Number=.,Type=String,Description="Consequence annotations from Ensembl VEP. Format: Allele|Consequence|IMPACT|SYMBOL|HGNC_ID|Feature|Feature_type|EXON|INTRON|HGVSc|HGVSp|DO
MAINS">
##INFO=<ID=gnomADg_AF,Number=A,Type=Float,Description="Alternate allele frequency in samples (from file gnomAD_genome_r2.1.1.vcf.gz)">
##INFO=<ID=gnomADg_Hom,Number=A,Type=Integer,Description="Count of homozygous individuals in samples (from file gnomAD_genome_r2.1.1.vcf.gz)">
##INFO=<ID=gnomADg_Hemi,Number=A,Type=Integer,Description="Alternate allele count for male samples (from file gnomAD_genome_r2.1.1.vcf.gz)">
##INFO=<ID=CLINVAR_DETAILS,Number=.,Type=String,Description="ClinVar disease/significance annotation (from file clinvar_20200506_converted.vcf.gz)">
##INFO=<ID=CLINVAR_ID,Number=.,Type=String,Description="ID column (from file clinvar_20200506_converted.vcf.gz)">
##INFO=<ID=HGMD_CLASS,Number=1,Type=String,Description="Mutation Category (from file HGMD_PRO_2020_1_fixed.vcf.gz)", https://portal.biobase-international.com/hgmd/pro/global.php#cats">
##INFO=<ID=HGMD_MUT,Number=1,Type=String,Description="HGMD mutant allele (from file HGMD_PRO_2020_1_fixed.vcf.gz)">
##INFO=<ID=HGMD_GENE,Number=1,Type=String,Description="Gene symbol (from file HGMD_PRO_2020_1_fixed.vcf.gz)">
##INFO=<ID=HGMD_PHEN,Number=1,Type=String,Description="HGMD primary phenotype.  The ' (from file HGMD_PRO_2020_1_fixed.vcf.gz)",' (comma) in primary phenotype descriptions have been replaced wit
h '%2C'.  Instructions to deal with such characters with special meaning are given in Section 1.2 of the VCFv4.3 specfication.">
##INFO=<ID=HGMD_ID,Number=.,Type=String,Description="ID column (from file HGMD_PRO_2020_1_fixed.vcf.gz)">
##INFO=<ID=CADD_SNV,Number=1,Type=Float,Description="CADD PHRED score of this variant. (from file CADD_SNVs_1.6.vcf.gz)">
##INFO=<ID=CADD_INDEL,Number=1,Type=Float,Description="CADD PHRED score of this variant. (from file CADD_InDels_1.6.vcf.gz)">
##INFO=<ID=NGSD_COUNTS,Number=2,Type=Integer,Description="Homozygous/Heterozygous variant counts in NGSD. (from file NGSD_germline.vcf.gz)">
##INFO=<ID=NGSD_GROUP,Number=2,Type=Integer,Description="Homozygous/Heterozygous variant counts in NGSD for n/a. (from file NGSD_germline.vcf.gz)">
##INFO=<ID=NGSD_HAF,Number=0,Type=Flag,Description="Indicates a allele frequency above a threshold of 0.05. (from file NGSD_germline.vcf.gz)">
##INFO=<ID=NGSD_CLAS,Number=1,Type=String,Description="Classification from the NGSD. (from file NGSD_germline.vcf.gz)">
##INFO=<ID=NGSD_CLAS_COM,Number=1,Type=String,Description="Classification comment from the NGSD. (from file NGSD_germline.vcf.gz)">
##INFO=<ID=NGSD_COM,Number=1,Type=String,Description="Variant comments from the NGSD. (from file NGSD_germline.vcf.gz)">
##INFO=<ID=mmsplice,Number=.,Type=String,Description="mmsplice splice variant effect: delta_logit_psi(logit scale of variant's effect on the exon inclusion, positive score shows higher exon incl
usion, negative higher exclusion rate - a score beyond 2, -2 can be considered strong); pathogenicity(Potential pathogenic effect of the variant)">
##INFO=<ID=NGSD_GENE_INFO,Number=.,Type=String,Description="Annotation from /mnt/storage1/share/data//dbs/NGSD/NGSD_genes.bed delimited by ':'">
#CHROM	POS	ID	REF	ALT	QUAL	FILTER	INFO	FORMAT	FO13636x01_02
chr1	10000	.	N	C	37	.	MQM=18;SAP=5;ABP=0;CSQ=C|downstream_gene_variant|MODIFIER|WASH7P|38034|ENST00000423562|Transcript||||||||||||||||unprocessed_pseudogene|||
||||||||,C|downstream_gene_variant|MODIFIER|WASH7P|38034|ENST00000438504|Transcript||||||||||||||||unprocessed_pseudogene|||||||||||,C|upstream_gene_variant|MODIFIER|DDX11L1|37102|ENST0000045632
8|Transcript||||||||||||||||processed_transcript|||||||||||,C|downstream_gene_variant|MODIFIER|WASH7P|38034|ENST00000488147|Transcript||||||||||||||||unprocessed_pseudogene|||||||||||,C|downstre
am_gene_variant|MODIFIER|WASH7P|38034|ENST00000538476|Transcript||||||||||||||||unprocessed_pseudogene|||||||||||,C|downstream_gene_variant|MODIFIER|WASH7P|38034|ENST00000541675|Transcript||||||
||||||||||unprocessed_pseudogene|||||||||||,C|regulatory_region_variant|MODIFIER|||ENSR00000918273|RegulatoryFeature||||||||||||||||promoter|||||||||||;CSQ_refseq=C|downstream_gene_variant|MODIF
IER|WASH7P||NR_024540.1|Transcript|||||,C|upstream_gene_variant|MODIFIER|DDX11L1||NR_046018.2|Transcript|||||;NGSD_COUNTS=103,0;NGSD_GENE_INFO=DDX11L1%20(inh%3Dn/a%20oe_syn%3Dn/a%20oe_mis%3Dn/a%
20oe_lof%3Dn/a):WASH7P%20(inh%3Dn/a%20oe_syn%3Dn/a%20oe_mis%3Dn/a%20oe_lof%3Dn/a)	GT:DP:AO	1/1:4:4
chr1	10439	.	AC	A	236	.	MQM=47;SAP=4;ABP=72;CSQ=-|downstream_gene_variant|MODIFIER|WASH7P|38034|ENST00000423562|Transcript||||||||rs112766696||||||||unprocessed_p
seudogene|||||||||(TAACCC)n[s](Simple_repeat)||,-|downstream_gene_variant|MODIFIER|WASH7P|38034|ENST00000438504|Transcript||||||||rs112766696||||||||unprocessed_pseudogene|||||||||(TAACCC)n[s](S
imple_repeat)||,-|upstream_gene_variant|MODIFIER|DDX11L1|37102|ENST00000456328|Transcript||||||||rs112766696||||||||processed_transcript|||||||||(TAACCC)n[s](Simple_repeat)||,-|downstream_gene_v
ariant|MODIFIER|WASH7P|38034|ENST00000488147|Transcript||||||||rs112766696||||||||unprocessed_pseudogene|||||||||(TAACCC)n[s](Simple_repeat)||,-|downstream_gene_variant|MODIFIER|WASH7P|38034|ENS
T00000538476|Transcript||||||||rs112766696||||||||unprocessed_pseudogene|||||||||(TAACCC)n[s](Simple_repeat)||,-|downstream_gene_variant|MODIFIER|WASH7P|38034|ENST00000541675|Transcript||||||||r
s112766696||||||||unprocessed_pseudogene|||||||||(TAACCC)n[s](Simple_repeat)||;CSQ_refseq=-|downstream_gene_variant|MODIFIER|WASH7P||NR_024540.1|Transcript|||||,-|upstream_gene_variant|MODIFIER|
DDX11L1||NR_046018.2|Transcript|||||;gnomADg_AF=0.14212;gnomADg_Hom=42;gnomADg_Hemi=.;CADD_INDEL=1.481;NGSD_GENE_INFO=DDX11L1%20(inh%3Dn/a%20oe_syn%3Dn/a%20oe_mis%3Dn/a%20oe_lof%3Dn/a):WASH7P%20
(inh%3Dn/a%20oe_syn%3Dn/a%20oe_mis%3Dn/a%20oe_lof%3Dn/a)	GT:DP:AO	0/1:98:21
chr1	10492	.	C	T	83	.	MQM=39;SAP=3;ABP=37;CSQ=T|downstream_gene_variant|MODIFIER|WASH7P|38034|ENST00000423562|Transcript||||||||rs55998931||||||||unprocessed_ps
eudogene||0.05648|0.73423||||||TAR1[s](Satellite/telo)||,T|downstream_gene_variant|MODIFIER|WASH7P|38034|ENST00000438504|Transcript||||||||rs55998931||||||||unprocessed_pseudogene||0.05648|0.734
23||||||TAR1[s](Satellite/telo)||,T|upstream_gene_variant|MODIFIER|DDX11L1|37102|ENST00000456328|Transcript||||||||rs55998931||||||||processed_transcript||0.05648|0.73423||||||TAR1[s](Satellite/
telo)||,T|downstream_gene_variant|MODIFIER|WASH7P|38034|ENST00000488147|Transcript||||||||rs55998931||||||||unprocessed_pseudogene||0.05648|0.73423||||||TAR1[s](Satellite/telo)||,T|downstream_ge
ne_variant|MODIFIER|WASH7P|38034|ENST00000538476|Transcript||||||||rs55998931||||||||unprocessed_pseudogene||0.05648|0.73423||||||TAR1[s](Satellite/telo)||,T|downstream_gene_variant|MODIFIER|WAS
H7P|38034|ENST00000541675|Transcript||||||||rs55998931||||||||unprocessed_pseudogene||0.05648|0.73423||||||TAR1[s](Satellite/telo)||,T|TF_binding_site_variant|MODIFIER|||ENSM00526881722|MotifFea
ture||||||||rs55998931||||||||||0.05648|0.73423||||||TAR1[s](Satellite/telo)||,T|TF_binding_site_variant|MODIFIER|||ENSM00524691498|MotifFeature||||||||rs55998931||||||||||0.05648|0.73423||||||T
AR1[s](Satellite/telo)||,T|TF_binding_site_variant|MODIFIER|||ENSM00526871456|MotifFeature||||||||rs55998931||||||||||0.05648|0.73423||||||TAR1[s](Satellite/telo)||,T|TF_binding_site_variant|MOD
IFIER|||ENSM00529492024|MotifFeature||||||||rs55998931||||||||||0.05648|0.73423||||||TAR1[s](Satellite/telo)||,T|TF_binding_site_variant|MODIFIER|||ENSM00524608585|MotifFeature||||||||rs55998931
||||||||||0.05648|0.73423||||||TAR1[s](Satellite/telo)||,T|TF_binding_site_variant|MODIFIER|||ENSM00524695810|MotifFeature||||||||rs55998931||||||||||0.05648|0.73423||||||TAR1[s](Satellite/telo)
||,T|TF_binding_site_variant|MODIFIER|||ENSM00524738565|MotifFeature||||||||rs55998931||||||||||0.05648|0.73423||||||TAR1[s](Satellite/telo)||,T|TF_binding_site_variant|MODIFIER|||ENSM0052454841
0|MotifFeature||||||||rs55998931||||||||||0.05648|0.73423||||||TAR1[s](Satellite/telo)||;CSQ_refseq=T|downstream_gene_variant|MODIFIER|WASH7P||NR_024540.1|Transcript|||||,T|upstream_gene_variant
|MODIFIER|DDX11L1||NR_046018.2|Transcript|||||;gnomADg_AF=0.08019;gnomADg_Hom=10;gnomADg_Hemi=.;CADD_SNV=7.003;NGSD_GENE_INFO=DDX11L1%20(inh%3Dn/a%20oe_syn%3Dn/a%20oe_mis%3Dn/a%20oe_lof%3Dn/a):W
ASH7P%20(inh%3Dn/a%20oe_syn%3Dn/a%20oe_mis%3Dn/a%20oe_lof%3Dn/a)	GT:DP:AO	0/1:61:15
chr1	10583	.	G	A	178	.	MQM=46;SAP=15;ABP=3;CSQ=A|downstream_gene_variant|MODIFIER|WASH7P|38034|ENST00000423562|Transcript||||||||rs58108140||||||||unprocessed_ps
eudogene||0.33480|0.35998||||||TAR1[s](Satellite/telo)||,A|downstream_gene_variant|MODIFIER|WASH7P|38034|ENST00000438504|Transcript||||||||rs58108140||||||||unprocessed_pseudogene||0.33480|0.359
98||||||TAR1[s](Satellite/telo)||,A|upstream_gene_variant|MODIFIER|DDX11L1|37102|ENST00000456328|Transcript||||||||rs58108140||||||||processed_transcript||0.33480|0.35998||||||TAR1[s](Satellite/
telo)||,A|downstream_gene_variant|MODIFIER|WASH7P|38034|ENST00000488147|Transcript||||||||rs58108140||||||||unprocessed_pseudogene||0.33480|0.35998||||||TAR1[s](Satellite/telo)||,A|downstream_ge
ne_variant|MODIFIER|WASH7P|38034|ENST00000538476|Transcript||||||||rs58108140||||||||unprocessed_pseudogene||0.33480|0.35998||||||TAR1[s](Satellite/telo)||,A|downstream_gene_variant|MODIFIER|WAS
H7P|38034|ENST00000541675|Transcript||||||||rs58108140||||||||unprocessed_pseudogene||0.33480|0.35998||||||TAR1[s](Satellite/telo)||,A|TF_binding_site_variant|MODIFIER|||ENSM00909262114|MotifFea
ture||||||||rs58108140||||||||||0.33480|0.35998||||||TAR1[s](Satellite/telo)||;CSQ_refseq=A|downstream_gene_variant|MODIFIER|WASH7P||NR_024540.1|Transcript|||||,A|upstream_gene_variant|MODIFIER|
DDX11L1||NR_046018.2|Transcript|||||;gnomADg_AF=0.23941;gnomADg_Hom=4;gnomADg_Hemi=.;CADD_SNV=7.218;NGSD_GENE_INFO=DDX11L1%20(inh%3Dn/a%20oe_syn%3Dn/a%20oe_mis%3Dn/a%20oe_lof%3Dn/a):WASH7P%20(in
h%3Dn/a%20oe_syn%3Dn/a%20oe_mis%3Dn/a%20oe_lof%3Dn/a)	GT:DP:AO	0/1:22:12
chr1	12783	.	G	A	18	.	MQM=11;SAP=53;ABP=4;CSQ=A|downstream_gene_variant|MODIFIER|WASH7P|38034|ENST00000423562|Transcript||||||||rs62635284||||||||unprocessed_ps
eudogene||0.00194|0.04120|||||||-1.17599999904633|,A|downstream_gene_variant|MODIFIER|WASH7P|38034|ENST00000438504|Transcript||||||||rs62635284||||||||unprocessed_pseudogene||0.00194|0.04120||||
|||-1.17599999904633|,A|intron_variant&non_coding_transcript_variant|MODIFIER|DDX11L1|37102|ENST00000456328|Transcript||2/2|ENST00000456328.2:n.468+62G>A|||||rs62635284||||||||processed_transcri
pt||0.00194|0.04120|||||||-1.17599999904633|,A|downstream_gene_variant|MODIFIER|WASH7P|38034|ENST00000488147|Transcript||||||||rs62635284||||||||unprocessed_pseudogene||0.00194|0.04120|||||||-1.
17599999904633|,A|downstream_gene_variant|MODIFIER|WASH7P|38034|ENST00000538476|Transcript||||||||rs62635284||||||||unprocessed_pseudogene||0.00194|0.04120|||||||-1.17599999904633|,A|downstream_
gene_variant|MODIFIER|WASH7P|38034|ENST00000541675|Transcript||||||||rs62635284||||||||unprocessed_pseudogene||0.00194|0.04120|||||||-1.17599999904633|;CSQ_refseq=A|downstream_gene_variant|MODIF
IER|WASH7P||NR_024540.1|Transcript|||||,A|intron_variant&non_coding_transcript_variant|MODIFIER|DDX11L1||NR_046018.2|Transcript||2/2|NR_046018.2:n.463+62G>A||,A|downstream_gene_variant|MODIFIER|
MIR6859-1||NR_106918.1|Transcript|||||;gnomADg_AF=0.55945;gnomADg_Hom=1572;gnomADg_Hemi=.;CADD_SNV=0.825;mmsplice=[exon:chr1:12594-12721:+,delta_logit_psi:0.0609,pathogenicity:0.3956][exon:chr1:
12612-12721:+,delta_logit_psi:0.0609,pathogenicity:0.1999][exon:chr1:12612-12721:+,delta_logit_psi:0.0609,pathogenicity:0.1999][exon:chr1:12612-12697:+,delta_logit_psi:0.0609,pathogenicity:0.225
2];NGSD_GENE_INFO=DDX11L1%20(inh%3Dn/a%20oe_syn%3Dn/a%20oe_mis%3Dn/a%20oe_lof%3Dn/a):WASH7P%20(inh%3Dn/a%20oe_syn%3Dn/a%20oe_mis%3Dn/a%20oe_lof%3Dn/a)	GT:DP:AO	0/1:41:23
chr1	13656	.	CAG	C	22	.	MQM=9;SAP=3;ABP=5;CSQ=-|downstream_gene_variant|MODIFIER|WASH7P|38034|ENST00000423562|Transcript||||||||rs1263393206||0.02953|0.006352|0.0
4389|0.003094|0.04822|0.03554|unprocessed_pseudogene||||||||||-0.384999990463257&-0.416999995708466|,-|downstream_gene_variant|MODIFIER|WASH7P|38034|ENST00000438504|Transcript||||||||rs126339320
6||0.02953|0.006352|0.04389|0.003094|0.04822|0.03554|unprocessed_pseudogene||||||||||-0.384999990463257&-0.416999995708466|,-|non_coding_transcript_exon_variant|MODIFIER|DDX11L1|37102|ENST000004
56328|Transcript|3/3||ENST00000456328.2:n.905_906del|||||rs1263393206||0.02953|0.006352|0.04389|0.003094|0.04822|0.03554|processed_transcript||||||||||-0.384999990463257&-0.416999995708466|,-|do
wnstream_gene_variant|MODIFIER|WASH7P|38034|ENST00000488147|Transcript||||||||rs1263393206||0.02953|0.006352|0.04389|0.003094|0.04822|0.03554|unprocessed_pseudogene||||||||||-0.384999990463257&-
0.416999995708466|,-|downstream_gene_variant|MODIFIER|WASH7P|38034|ENST00000538476|Transcript||||||||rs1263393206||0.02953|0.006352|0.04389|0.003094|0.04822|0.03554|unprocessed_pseudogene|||||||
|||-0.384999990463257&-0.416999995708466|,-|downstream_gene_variant|MODIFIER|WASH7P|38034|ENST00000541675|Transcript||||||||rs1263393206||0.02953|0.006352|0.04389|0.003094|0.04822|0.03554|unproc
essed_pseudogene||||||||||-0.384999990463257&-0.416999995708466|;CSQ_refseq=-|downstream_gene_variant|MODIFIER|WASH7P||NR_024540.1|Transcript|||||,-|non_coding_transcript_exon_variant|MODIFIER|D
DX11L1||NR_046018.2|Transcript|3/3||NR_046018.2:n.900_901del||,-|downstream_gene_variant|MODIFIER|MIR6859-1||NR_106918.1|Transcript|||||;gnomADg_AF=0.48977;gnomADg_Hom=102;gnomADg_Hemi=.;CADD_IN
DEL=2.143;NGSD_HAF;mmsplice=[exon:chr1:13220-14409:+,delta_logit_psi:0.0295,pathogenicity:0.9457][exon:chr1:13224-14412:+,delta_logit_psi:0.0294,pathogenicity:0.9509][exon:chr1:13402-13655:+,del
ta_logit_psi:-0.5076,pathogenicity:0.8702][exon:chr1:13452-13670:+,delta_logit_psi:0.161,pathogenicity:0.9041][exon:chr1:13660-14409:+,delta_logit_psi:1.7204,pathogenicity:0.0053];NGSD_GENE_INFO
=DDX11L1%20(inh%3Dn/a%20oe_syn%3Dn/a%20oe_mis%3Dn/a%20oe_lof%3Dn/a):WASH7P%20(inh%3Dn/a%20oe_syn%3Dn/a%20oe_mis%3Dn/a%20oe_lof%3Dn/a)	GT:DP:AO	0/1:73:41
chr1	14907	.	A	G	283	.	MQM=24;SAP=14;ABP=27;CSQ=G|intron_variant&non_coding_transcript_variant|MODIFIER|WASH7P|38034|ENST00000423562|Transcript||9/9|ENST00000423
562.1:n.1202+63T>C|||||rs6682375||||||||unprocessed_pseudogene||0.00565|0.07656|||||||0.11599999666214|,G|intron_variant&non_coding_transcript_variant|MODIFIER|WASH7P|38034|ENST00000438504|Trans
cript||11/11|ENST00000438504.2:n.1316+63T>C|||||rs6682375||||||||unprocessed_pseudogene||0.00565|0.07656|||||||0.11599999666214|,G|downstream_gene_variant|MODIFIER|DDX11L1|37102|ENST00000456328|
Transcript||||||||rs6682375||||||||processed_transcript||0.00565|0.07656|||||||0.11599999666214|,G|intron_variant&non_coding_transcript_variant|MODIFIER|WASH7P|38034|ENST00000488147|Transcript||
10/10|ENST00000488147.1:n.1253+98T>C|||||rs6682375||||||||unprocessed_pseudogene||0.00565|0.07656|||||||0.11599999666214|,G|intron_variant&non_coding_transcript_variant|MODIFIER|WASH7P|38034|ENS
T00000538476|Transcript||12/12|ENST00000538476.1:n.1491+93T>C|||||rs6682375||||||||unprocessed_pseudogene||0.00565|0.07656|||||||0.11599999666214|,G|intron_variant&non_coding_transcript_variant|
MODIFIER|WASH7P|38034|ENST00000541675|Transcript||8/8|ENST00000541675.1:n.949+63T>C|||||rs6682375||||||||unprocessed_pseudogene||0.00565|0.07656|||||||0.11599999666214|;CSQ_refseq=G|intron_varia
nt&non_coding_transcript_variant|MODIFIER|WASH7P||NR_024540.1|Transcript||10/10|NR_024540.1:n.1301+63T>C||,G|downstream_gene_variant|MODIFIER|DDX11L1||NR_046018.2|Transcript|||||,G|downstream_ge
ne_variant|MODIFIER|MIR6859-1||NR_106918.1|Transcript|||||;gnomADg_AF=0.49593;gnomADg_Hom=221;gnomADg_Hemi=.;CADD_SNV=2.669;mmsplice=[exon:chr1:14362-14829:-,delta_logit_psi:-0.0256,pathogenicit
y:0.8768][exon:chr1:14362-14829:-,delta_logit_psi:-0.0256,pathogenicity:0.8768][exon:chr1:14362-14829:-,delta_logit_psi:-0.0256,pathogenicity:0.8768][exon:chr1:14969-15038:-,delta_logit_psi:-0.0
361,pathogenicity:0.3731][exon:chr1:14969-15038:-,delta_logit_psi:-0.0361,pathogenicity:0.3731][exon:chr1:14969-15038:-,delta_logit_psi:-0.0361,pathogenicity:0.3731][exon:chr1:14999-15038:-,delt
a_logit_psi:-0.0531,pathogenicity:0.9682][exon:chr1:15004-15038:-,delta_logit_psi:-0.0436,pathogenicity:0.9645];NGSD_GENE_INFO=DDX11L1%20(inh%3Dn/a%20oe_syn%3Dn/a%20oe_mis%3Dn/a%20oe_lof%3Dn/a):
WASH7P%20(inh%3Dn/a%20oe_syn%3Dn/a%20oe_mis%3Dn/a%20oe_lof%3Dn/a)	GT:DP:AO	0/1:99:33
chr1	14930	.	A	G	467	.	MQM=24;SAP=18;ABP=9;CSQ=G|intron_variant&non_coding_transcript_variant|MODIFIER|WASH7P|38034|ENST00000423562|Transcript||9/9|ENST000004235
62.1:n.1202+40T>C|||||rs6682385|0.4822|||||||unprocessed_pseudogene||0.00250|0.05753|||||||-1.42299997806549|,G|intron_variant&non_coding_transcript_variant|MODIFIER|WASH7P|38034|ENST00000438504
|Transcript||11/11|ENST00000438504.2:n.1316+40T>C|||||rs6682385|0.4822|||||||unprocessed_pseudogene||0.00250|0.05753|||||||-1.42299997806549|,G|downstream_gene_variant|MODIFIER|DDX11L1|37102|ENS
T00000456328|Transcript||||||||rs6682385|0.4822|||||||processed_transcript||0.00250|0.05753|||||||-1.42299997806549|,G|intron_variant&non_coding_transcript_variant|MODIFIER|WASH7P|38034|ENST0000
0488147|Transcript||10/10|ENST00000488147.1:n.1253+75T>C|||||rs6682385|0.4822|||||||unprocessed_pseudogene||0.00250|0.05753|||||||-1.42299997806549|,G|intron_variant&non_coding_transcript_varian
t|MODIFIER|WASH7P|38034|ENST00000538476|Transcript||12/12|ENST00000538476.1:n.1491+70T>C|||||rs6682385|0.4822|||||||unprocessed_pseudogene||0.00250|0.05753|||||||-1.42299997806549|,G|intron_vari
ant&non_coding_transcript_variant|MODIFIER|WASH7P|38034|ENST00000541675|Transcript||8/8|ENST00000541675.1:n.949+40T>C|||||rs6682385|0.4822|||||||unprocessed_pseudogene||0.00250|0.05753|||||||-1.
42299997806549|;CSQ_refseq=G|intron_variant&non_coding_transcript_variant|MODIFIER|WASH7P||NR_024540.1|Transcript||10/10|NR_024540.1:n.1301+40T>C||,G|downstream_gene_variant|MODIFIER|DDX11L1||NR
_046018.2|Transcript|||||,G|downstream_gene_variant|MODIFIER|MIR6859-1||NR_106918.1|Transcript|||||;gnomADg_AF=0.49408;gnomADg_Hom=269;gnomADg_Hemi=.;CADD_SNV=2.120;mmsplice=[exon:chr1:14969-150
38:-,delta_logit_psi:-0.1484,pathogenicity:0.3742][exon:chr1:14969-15038:-,delta_logit_psi:-0.1484,pathogenicity:0.3742][exon:chr1:14969-15038:-,delta_logit_psi:-0.1484,pathogenicity:0.3742][exo
n:chr1:14999-15038:-,delta_logit_psi:-0.1484,pathogenicity:0.9683][exon:chr1:15004-15038:-,delta_logit_psi:-0.1484,pathogenicity:0.9647];NGSD_GENE_INFO=DDX11L1%20(inh%3Dn/a%20oe_syn%3Dn/a%20oe_m
is%3Dn/a%20oe_lof%3Dn/a):WASH7P%20(inh%3Dn/a%20oe_syn%3Dn/a%20oe_mis%3Dn/a%20oe_lof%3Dn/a)	GT:DP:AO	0/1:99:41
chr1	15118	.	A	G	325	.	MQM=19;SAP=8;ABP=7;CSQ=G|intron_variant&non_coding_transcript_variant|MODIFIER|WASH7P|38034|ENST00000423562|Transcript||8/9|ENST0000042356
2.1:n.1134-80T>C|||||rs11580262||||||||unprocessed_pseudogene||0.01210|0.07133|||||||0.216000005602837|,G|intron_variant&non_coding_transcript_variant|MODIFIER|WASH7P|38034|ENST00000438504|Trans
cript||10/11|ENST00000438504.2:n.1248-80T>C|||||rs11580262||||||||unprocessed_pseudogene||0.01210|0.07133|||||||0.216000005602837|,G|downstream_gene_variant|MODIFIER|DDX11L1|37102|ENST0000045632
8|Transcript||||||||rs11580262||||||||processed_transcript||0.01210|0.07133|||||||0.216000005602837|,G|intron_variant&non_coding_transcript_variant|MODIFIER|WASH7P|38034|ENST00000488147|Transcri
pt||9/10|ENST00000488147.1:n.1220-80T>C|||||rs11580262||||||||unprocessed_pseudogene||0.01210|0.07133|||||||0.216000005602837|,G|intron_variant&non_coding_transcript_variant|MODIFIER|WASH7P|3803
4|ENST00000538476|Transcript||11/12|ENST00000538476.1:n.1453-80T>C|||||rs11580262||||||||unprocessed_pseudogene||0.01210|0.07133|||||||0.216000005602837|,G|intron_variant&non_coding_transcript_v
ariant|MODIFIER|WASH7P|38034|ENST00000541675|Transcript||7/8|ENST00000541675.1:n.881-80T>C|||||rs11580262||||||||unprocessed_pseudogene||0.01210|0.07133|||||||0.216000005602837|;CSQ_refseq=G|int
ron_variant&non_coding_transcript_variant|MODIFIER|WASH7P||NR_024540.1|Transcript||9/10|NR_024540.1:n.1233-80T>C||,G|downstream_gene_variant|MODIFIER|DDX11L1||NR_046018.2|Transcript|||||,G|downs
tream_gene_variant|MODIFIER|MIR6859-1||NR_106918.1|Transcript|||||;gnomADg_AF=0.44661;gnomADg_Hom=33;gnomADg_Hemi=.;CADD_SNV=6.130;mmsplice=[exon:chr1:14969-15038:-,delta_logit_psi:-0.0304,patho
genicity:0.3887][exon:chr1:14969-15038:-,delta_logit_psi:-0.0304,pathogenicity:0.3887][exon:chr1:14969-15038:-,delta_logit_psi:-0.0304,pathogenicity:0.3887][exon:chr1:14999-15038:-,delta_logit_p
si:-0.0304,pathogenicity:0.9701][exon:chr1:15004-15038:-,delta_logit_psi:-0.0304,pathogenicity:0.9667];NGSD_GENE_INFO=DDX11L1%20(inh%3Dn/a%20oe_syn%3Dn/a%20oe_mis%3Dn/a%20oe_lof%3Dn/a):WASH7P%20
(inh%3Dn/a%20oe_syn%3Dn/a%20oe_mis%3Dn/a%20oe_lof%3Dn/a)	GT:DP:AO	0/1:98:42
chr1	15190	.	G	A	202	.	MQM=18;SAP=3;ABP=27;CSQ=A|intron_variant&non_coding_transcript_variant|MODIFIER|WASH7P|38034|ENST00000423562|Transcript||8/9|ENST000004235
62.1:n.1134-152C>T|||||rs71230572||||||||unprocessed_pseudogene||0.00221|0.04657|||||||-0.284999996423721|,A|intron_variant&non_coding_transcript_variant|MODIFIER|WASH7P|38034|ENST00000438504|Tr
anscript||10/11|ENST00000438504.2:n.1248-152C>T|||||rs71230572||||||||unprocessed_pseudogene||0.00221|0.04657|||||||-0.284999996423721|,A|downstream_gene_variant|MODIFIER|DDX11L1|37102|ENST00000
456328|Transcript||||||||rs71230572||||||||processed_transcript||0.00221|0.04657|||||||-0.284999996423721|,A|intron_variant&non_coding_transcript_variant|MODIFIER|WASH7P|38034|ENST00000488147|Tr
anscript||9/10|ENST00000488147.1:n.1220-152C>T|||||rs71230572||||||||unprocessed_pseudogene||0.00221|0.04657|||||||-0.284999996423721|,A|intron_variant&non_coding_transcript_variant|MODIFIER|WAS
H7P|38034|ENST00000538476|Transcript||11/12|ENST00000538476.1:n.1453-152C>T|||||rs71230572||||||||unprocessed_pseudogene||0.00221|0.04657|||||||-0.284999996423721|,A|intron_variant&non_coding_tr
anscript_variant|MODIFIER|WASH7P|38034|ENST00000541675|Transcript||7/8|ENST00000541675.1:n.881-152C>T|||||rs71230572||||||||unprocessed_pseudogene||0.00221|0.04657|||||||-0.284999996423721|;CSQ_
refseq=A|intron_variant&non_coding_transcript_variant|MODIFIER|WASH7P||NR_024540.1|Transcript||9/10|NR_024540.1:n.1233-152C>T||,A|downstream_gene_variant|MODIFIER|DDX11L1||NR_046018.2|Transcript
|||||,A|downstream_gene_variant|MODIFIER|MIR6859-1||NR_106918.1|Transcript|||||;gnomADg_AF=0.17097;gnomADg_Hom=0;gnomADg_Hemi=.;CADD_SNV=0.384;NGSD_GENE_INFO=DDX11L1%20(inh%3Dn/a%20oe_syn%3Dn/a%
20oe_mis%3Dn/a%20oe_lof%3Dn/a):WASH7P%20(inh%3Dn/a%20oe_syn%3Dn/a%20oe_mis%3Dn/a%20oe_lof%3Dn/a)	GT:DP:AO	0/1:113:39
chr1	15211	.	T	G	1364	.	MQM=21;SAP=3;ABP=0;CSQ=G|intron_variant&non_coding_transcript_variant|MODIFIER|WASH7P|38034|ENST00000423562|Transcript||8/9|ENST0000042356
2.1:n.1134-173A>C|||||rs3982632||||||||unprocessed_pseudogene||0.00888|0.06503|||||||-0.319000005722046|,G|intron_variant&non_coding_transcript_variant|MODIFIER|WASH7P|38034|ENST00000438504|Tran
script||10/11|ENST00000438504.2:n.1248-173A>C|||||rs3982632||||||||unprocessed_pseudogene||0.00888|0.06503|||||||-0.319000005722046|,G|downstream_gene_variant|MODIFIER|DDX11L1|37102|ENST00000456
328|Transcript||||||||rs3982632||||||||processed_transcript||0.00888|0.06503|||||||-0.319000005722046|,G|intron_variant&non_coding_transcript_variant|MODIFIER|WASH7P|38034|ENST00000488147|Transc
ript||9/10|ENST00000488147.1:n.1220-173A>C|||||rs3982632||||||||unprocessed_pseudogene||0.00888|0.06503|||||||-0.319000005722046|,G|intron_variant&non_coding_transcript_variant|MODIFIER|WASH7P|3
8034|ENST00000538476|Transcript||11/12|ENST00000538476.1:n.1453-173A>C|||||rs3982632||||||||unprocessed_pseudogene||0.00888|0.06503|||||||-0.319000005722046|,G|intron_variant&non_coding_transcri
pt_variant|MODIFIER|WASH7P|38034|ENST00000541675|Transcript||7/8|ENST00000541675.1:n.881-173A>C|||||rs3982632||||||||unprocessed_pseudogene||0.00888|0.06503|||||||-0.319000005722046|;CSQ_refseq=
G|intron_variant&non_coding_transcript_variant|MODIFIER|WASH7P||NR_024540.1|Transcript||9/10|NR_024540.1:n.1233-173A>C||,G|downstream_gene_variant|MODIFIER|DDX11L1||NR_046018.2|Transcript|||||,G
|downstream_gene_variant|MODIFIER|MIR6859-1||NR_106918.1|Transcript|||||;gnomADg_AF=0.60954;gnomADg_Hom=3345;gnomADg_Hemi=.;CADD_SNV=2.612;NGSD_GENE_INFO=DDX11L1%20(inh%3Dn/a%20oe_syn%3Dn/a%20oe
_mis%3Dn/a%20oe_lof%3Dn/a):WASH7P%20(inh%3Dn/a%20oe_syn%3Dn/a%20oe_mis%3Dn/a%20oe_lof%3Dn/a)	GT:DP:AO	1/1:105:89
chr1	15274	.	A	G	930	.	MQM=14;SAP=4;ABP=10;CSQ=G|intron_variant&non_coding_transcript_variant|MODIFIER|WASH7P|38034|ENST00000423562|Transcript||8/9|ENST000004235
62.1:n.1134-236T>C|||||rs2758118|0.3472|||||||unprocessed_pseudogene||0.00080|0.02727||||||MIR3[s](SINE/MIR)|-1.30299997329712|,G|intron_variant&non_coding_transcript_variant|MODIFIER|WASH7P|380
34|ENST00000438504|Transcript||10/11|ENST00000438504.2:n.1248-236T>C|||||rs2758118|0.3472|||||||unprocessed_pseudogene||0.00080|0.02727||||||MIR3[s](SINE/MIR)|-1.30299997329712|,G|downstream_gen
e_variant|MODIFIER|DDX11L1|37102|ENST00000456328|Transcript||||||||rs2758118|0.3472|||||||processed_transcript||0.00080|0.02727||||||MIR3[s](SINE/MIR)|-1.30299997329712|,G|intron_variant&non_cod
ing_transcript_variant|MODIFIER|WASH7P|38034|ENST00000488147|Transcript||9/10|ENST00000488147.1:n.1220-236T>C|||||rs2758118|0.3472|||||||unprocessed_pseudogene||0.00080|0.02727||||||MIR3[s](SINE
/MIR)|-1.30299997329712|,G|intron_variant&non_coding_transcript_variant|MODIFIER|WASH7P|38034|ENST00000538476|Transcript||11/12|ENST00000538476.1:n.1453-236T>C|||||rs2758118|0.3472|||||||unproce
ssed_pseudogene||0.00080|0.02727||||||MIR3[s](SINE/MIR)|-1.30299997329712|,G|intron_variant&non_coding_transcript_variant|MODIFIER|WASH7P|38034|ENST00000541675|Transcript||7/8|ENST00000541675.1:
n.881-236T>C|||||rs2758118|0.3472|||||||unprocessed_pseudogene||0.00080|0.02727||||||MIR3[s](SINE/MIR)|-1.30299997329712|;CSQ_refseq=G|intron_variant&non_coding_transcript_variant|MODIFIER|WASH7
P||NR_024540.1|Transcript||9/10|NR_024540.1:n.1233-236T>C||,G|downstream_gene_variant|MODIFIER|DDX11L1||NR_046018.2|Transcript|||||,G|downstream_gene_variant|MODIFIER|MIR6859-1||NR_106918.1|Tran
script|||||;gnomADg_AF=0.37110;gnomADg_Hom=129;gnomADg_Hemi=.;CADD_SNV=0.311;NGSD_GENE_INFO=DDX11L1%20(inh%3Dn/a%20oe_syn%3Dn/a%20oe_mis%3Dn/a%20oe_lof%3Dn/a):WASH7P%20(inh%3Dn/a%20oe_syn%3Dn/a%
20oe_mis%3Dn/a%20oe_lof%3Dn/a)	GT:DP:AO	0/1:87:35
chr1	15274	.	A	T	930	.	MQM=19;SAP=4;ABP=10;CSQ=T|intron_variant&non_coding_transcript_variant|MODIFIER|WASH7P|38034|ENST00000423562|Transcript||8/9|ENST000004235
62.1:n.1134-236T>A|||||rs2758118||||||||unprocessed_pseudogene||0.00499|0.03913||||||MIR3[s](SINE/MIR)|-1.30299997329712|,T|intron_variant&non_coding_transcript_variant|MODIFIER|WASH7P|38034|ENS
T00000438504|Transcript||10/11|ENST00000438504.2:n.1248-236T>A|||||rs2758118||||||||unprocessed_pseudogene||0.00499|0.03913||||||MIR3[s](SINE/MIR)|-1.30299997329712|,T|downstream_gene_variant|MO
DIFIER|DDX11L1|37102|ENST00000456328|Transcript||||||||rs2758118||||||||processed_transcript||0.00499|0.03913||||||MIR3[s](SINE/MIR)|-1.30299997329712|,T|intron_variant&non_coding_transcript_var
iant|MODIFIER|WASH7P|38034|ENST00000488147|Transcript||9/10|ENST00000488147.1:n.1220-236T>A|||||rs2758118||||||||unprocessed_pseudogene||0.00499|0.03913||||||MIR3[s](SINE/MIR)|-1.30299997329712|
,T|intron_variant&non_coding_transcript_variant|MODIFIER|WASH7P|38034|ENST00000538476|Transcript||11/12|ENST00000538476.1:n.1453-236T>A|||||rs2758118||||||||unprocessed_pseudogene||0.00499|0.039
13||||||MIR3[s](SINE/MIR)|-1.30299997329712|,T|intron_variant&non_coding_transcript_variant|MODIFIER|WASH7P|38034|ENST00000541675|Transcript||7/8|ENST00000541675.1:n.881-236T>A|||||rs2758118||||
||||unprocessed_pseudogene||0.00499|0.03913||||||MIR3[s](SINE/MIR)|-1.30299997329712|;CSQ_refseq=T|intron_variant&non_coding_transcript_variant|MODIFIER|WASH7P||NR_024540.1|Transcript||9/10|NR_0
24540.1:n.1233-236T>A||,T|downstream_gene_variant|MODIFIER|DDX11L1||NR_046018.2|Transcript|||||,T|downstream_gene_variant|MODIFIER|MIR6859-1||NR_106918.1|Transcript|||||;gnomADg_AF=0.61292;gnomA
Dg_Hom=2538;gnomADg_Hemi=.;CADD_SNV=0.280;NGSD_GENE_INFO=DDX11L1%20(inh%3Dn/a%20oe_syn%3Dn/a%20oe_mis%3Dn/a%20oe_lof%3Dn/a):WASH7P%20(inh%3Dn/a%20oe_syn%3Dn/a%20oe_mis%3Dn/a%20oe_lof%3Dn/a)	GT
:DP:AO	0/1:87:52
chr1	15820	.	G	T	191	.	MQM=29;SAP=4;ABP=3;CSQ=T|non_coding_transcript_exon_variant|MODIFIER|WASH7P|38034|ENST00000423562|Transcript|8/10||ENST00000423562.1:n.110
9C>A|||||rs2691315|0.4105|||||||unprocessed_pseudogene||0.03153|0.86789||||||(TGCTCC)n[s](Simple_repeat)|4.89499998092651|,T|non_coding_transcript_exon_variant|MODIFIER|WASH7P|38034|ENST00000438
504|Transcript|10/12||ENST00000438504.2:n.1223C>A|||||rs2691315|0.4105|||||||unprocessed_pseudogene||0.03153|0.86789||||||(TGCTCC)n[s](Simple_repeat)|4.89499998092651|,T|downstream_gene_variant|
MODIFIER|DDX11L1|37102|ENST00000456328|Transcript||||||||rs2691315|0.4105|||||||processed_transcript||0.03153|0.86789||||||(TGCTCC)n[s](Simple_repeat)|4.89499998092651|,T|non_coding_transcript_e
xon_variant|MODIFIER|WASH7P|38034|ENST00000488147|Transcript|9/11||ENST00000488147.1:n.1195C>A|||||rs2691315|0.4105|||||||unprocessed_pseudogene||0.03153|0.86789||||||(TGCTCC)n[s](Simple_repeat)
|4.89499998092651|,T|non_coding_transcript_exon_variant|MODIFIER|WASH7P|38034|ENST00000538476|Transcript|11/13||ENST00000538476.1:n.1428C>A|||||rs2691315|0.4105|||||||unprocessed_pseudogene||0.0
3153|0.86789||||||(TGCTCC)n[s](Simple_repeat)|4.89499998092651|,T|intron_variant&non_coding_transcript_variant|MODIFIER|WASH7P|38034|ENST00000541675|Transcript||7/8|ENST00000541675.1:n.881-782C>
A|||||rs2691315|0.4105|||||||unprocessed_pseudogene||0.03153|0.86789||||||(TGCTCC)n[s](Simple_repeat)|4.89499998092651|,T|regulatory_region_variant|MODIFIER|||ENSR00001490863|RegulatoryFeature||
||||||rs2691315|0.4105|||||||promoter_flanking_region||0.03153|0.86789||||||(TGCTCC)n[s](Simple_repeat)|4.89499998092651|,T|TF_binding_site_variant|MODIFIER|||ENSM00522592246|MotifFeature|||||||
|rs2691315|0.4105|||||||||0.03153|0.86789||||||(TGCTCC)n[s](Simple_repeat)|4.89499998092651|;CSQ_refseq=T|non_coding_transcript_exon_variant|MODIFIER|WASH7P||NR_024540.1|Transcript|9/11||NR_0245
40.1:n.1208C>A||,T|downstream_gene_variant|MODIFIER|DDX11L1||NR_046018.2|Transcript|||||,T|downstream_gene_variant|MODIFIER|MIR6859-1||NR_106918.1|Transcript|||||;gnomADg_AF=0.22597;gnomADg_Hom=
302;gnomADg_Hemi=.;CADD_SNV=9.973;mmsplice=[exon:chr1:15795-15901:-,delta_logit_psi:0.179,pathogenicity:0.1858][exon:chr1:15795-15947:-,delta_logit_psi:0.125,pathogenicity:0.0926][exon:chr1:1579
5-15947:-,delta_logit_psi:0.125,pathogenicity:0.0926][exon:chr1:15795-15901:-,delta_logit_psi:0.179,pathogenicity:0.1858][exon:chr1:15903-15947:-,delta_logit_psi:-0.0425,pathogenicity:0.9653][ex
on:chr1:15903-15947:-,delta_logit_psi:-0.0425,pathogenicity:0.9653];NGSD_GENE_INFO=DDX11L1%20(inh%3Dn/a%20oe_syn%3Dn/a%20oe_mis%3Dn/a%20oe_lof%3Dn/a):WASH7P%20(inh%3Dn/a%20oe_syn%3Dn/a%20oe_mis%
3Dn/a%20oe_lof%3Dn/a)	GT:DP:AO	0/1:29:15
chr1	16378	.	T	C	339	.	MQM=16;SAP=5;ABP=8;CSQ=C|intron_variant&non_coding_transcript_variant|MODIFIER|WASH7P|38034|ENST00000423562|Transcript||7/9|ENST0000042356
2.1:n.981+229A>G|||||rs148220436||||||||unprocessed_pseudogene||0.00945|0.07421|||||||-0.540000021457672|,C|intron_variant&non_coding_transcript_variant|MODIFIER|WASH7P|38034|ENST00000438504|Tra
nscript||8/11|ENST00000438504.2:n.1097+229A>G|||||rs148220436||||||||unprocessed_pseudogene||0.00945|0.07421|||||||-0.540000021457672|,C|downstream_gene_variant|MODIFIER|DDX11L1|37102|ENST000004
56328|Transcript||||||||rs148220436||||||||processed_transcript||0.00945|0.07421|||||||-0.540000021457672|,C|intron_variant&non_coding_transcript_variant|MODIFIER|WASH7P|38034|ENST00000488147|Tr
anscript||8/10|ENST00000488147.1:n.1067+229A>G|||||rs148220436||||||||unprocessed_pseudogene||0.00945|0.07421|||||||-0.540000021457672|,C|intron_variant&non_coding_transcript_variant|MODIFIER|WA
SH7P|38034|ENST00000538476|Transcript||9/12|ENST00000538476.1:n.1302+229A>G|||||rs148220436||||||||unprocessed_pseudogene||0.00945|0.07421|||||||-0.540000021457672|,C|intron_variant&non_coding_t
ranscript_variant|MODIFIER|WASH7P|38034|ENST00000541675|Transcript||7/8|ENST00000541675.1:n.880+476A>G|||||rs148220436||||||||unprocessed_pseudogene||0.00945|0.07421|||||||-0.540000021457672|,C|
regulatory_region_variant|MODIFIER|||ENSR00001490863|RegulatoryFeature||||||||rs148220436||||||||promoter_flanking_region||0.00945|0.07421|||||||-0.540000021457672|,C|TF_binding_site_variant|MOD
IFIER|||ENSM00907916001|MotifFeature||||||||rs148220436||||||||||0.00945|0.07421|||||||-0.540000021457672|,C|TF_binding_site_variant|MODIFIER|||ENSM00682966894|MotifFeature||||||||rs148220436|||
|||||||0.00945|0.07421|||||||-0.540000021457672|,C|TF_binding_site_variant|MODIFIER|||ENSM00554379945|MotifFeature||||||||rs148220436||||||||||0.00945|0.07421|||||||-0.540000021457672|,C|TF_bind
ing_site_variant|MODIFIER|||ENSM00908066389|MotifFeature||||||||rs148220436||||||||||0.00945|0.07421|||||||-0.540000021457672|;CSQ_refseq=C|intron_variant&non_coding_transcript_variant|MODIFIER|
WASH7P||NR_024540.1|Transcript||8/10|NR_024540.1:n.1080+229A>G||,C|downstream_gene_variant|MODIFIER|DDX11L1||NR_046018.2|Transcript|||||,C|downstream_gene_variant|MODIFIER|MIR6859-1||NR_106918.1
|Transcript|||||;gnomADg_AF=0.53018;gnomADg_Hom=935;gnomADg_Hemi=.;CADD_SNV=0.546;NGSD_GENE_INFO=DDX11L1%20(inh%3Dn/a%20oe_syn%3Dn/a%20oe_mis%3Dn/a%20oe_lof%3Dn/a):WASH7P%20(inh%3Dn/a%20oe_syn%3
Dn/a%20oe_mis%3Dn/a%20oe_lof%3Dn/a)	GT:DP:AO	0/1:95:55
chr1	16534	.	C	T	227	.	MQM=12;SAP=6;ABP=8;CSQ=T|intron_variant&non_coding_transcript_variant|MODIFIER|WASH7P|38034|ENST00000423562|Transcript||7/9|ENST0000042356
2.1:n.981+73G>A|||||rs15642||||||||unprocessed_pseudogene||0.00445|0.80287|||||||0.0949999988079071|,T|intron_variant&non_coding_transcript_variant|MODIFIER|WASH7P|38034|ENST00000438504|Transcri
pt||8/11|ENST00000438504.2:n.1097+73G>A|||||rs15642||||||||unprocessed_pseudogene||0.00445|0.80287|||||||0.0949999988079071|,T|downstream_gene_variant|MODIFIER|DDX11L1|37102|ENST00000456328|Tran
script||||||||rs15642||||||||processed_transcript||0.00445|0.80287|||||||0.0949999988079071|,T|intron_variant&non_coding_transcript_variant|MODIFIER|WASH7P|38034|ENST00000488147|Transcript||8/10
|ENST00000488147.1:n.1067+73G>A|||||rs15642||||||||unprocessed_pseudogene||0.00445|0.80287|||||||0.0949999988079071|,T|intron_variant&non_coding_transcript_variant|MODIFIER|WASH7P|38034|ENST0000
0538476|Transcript||9/12|ENST00000538476.1:n.1302+73G>A|||||rs15642||||||||unprocessed_pseudogene||0.00445|0.80287|||||||0.0949999988079071|,T|intron_variant&non_coding_transcript_variant|MODIFI
ER|WASH7P|38034|ENST00000541675|Transcript||7/8|ENST00000541675.1:n.880+320G>A|||||rs15642||||||||unprocessed_pseudogene||0.00445|0.80287|||||||0.0949999988079071|;CSQ_refseq=T|intron_variant&no
n_coding_transcript_variant|MODIFIER|WASH7P||NR_024540.1|Transcript||8/10|NR_024540.1:n.1080+73G>A||,T|downstream_gene_variant|MODIFIER|DDX11L1||NR_046018.2|Transcript|||||,T|downstream_gene_var
iant|MODIFIER|MIR6859-1||NR_106918.1|Transcript|||||;gnomADg_AF=0.49790;gnomADg_Hom=42;gnomADg_Hemi=.;CADD_SNV=7.851;mmsplice=[exon:chr1:16606-16765:-,delta_logit_psi:0.052,pathogenicity:0.4604]
[exon:chr1:16606-16765:-,delta_logit_psi:0.052,pathogenicity:0.4604][exon:chr1:16606-16765:-,delta_logit_psi:0.052,pathogenicity:0.4604][exon:chr1:16606-16745:-,delta_logit_psi:0.052,pathogenici
ty:0.8007];NGSD_GENE_INFO=DDX11L1%20(inh%3Dn/a%20oe_syn%3Dn/a%20oe_mis%3Dn/a%20oe_lof%3Dn/a):WASH7P%20(inh%3Dn/a%20oe_syn%3Dn/a%20oe_mis%3Dn/a%20oe_lof%3Dn/a)	GT:DP:AO	0/1:93:54
chr1	16571	.	G	A	216	.	MQM=12;SAP=4;ABP=6;CSQ=A|intron_variant&non_coding_transcript_variant|MODIFIER|WASH7P|38034|ENST00000423562|Transcript||7/9|ENST0000042356
2.1:n.981+36C>T|||||rs12405900||||||||unprocessed_pseudogene||0.00265|0.06005|||||||-0.0790000036358833|,A|intron_variant&non_coding_transcript_variant|MODIFIER|WASH7P|38034|ENST00000438504|Tran
script||8/11|ENST00000438504.2:n.1097+36C>T|||||rs12405900||||||||unprocessed_pseudogene||0.00265|0.06005|||||||-0.0790000036358833|,A|downstream_gene_variant|MODIFIER|DDX11L1|37102|ENST00000456
328|Transcript||||||||rs12405900||||||||processed_transcript||0.00265|0.06005|||||||-0.0790000036358833|,A|intron_variant&non_coding_transcript_variant|MODIFIER|WASH7P|38034|ENST00000488147|Tran
script||8/10|ENST00000488147.1:n.1067+36C>T|||||rs12405900||||||||unprocessed_pseudogene||0.00265|0.06005|||||||-0.0790000036358833|,A|intron_variant&non_coding_transcript_variant|MODIFIER|WASH7
P|38034|ENST00000538476|Transcript||9/12|ENST00000538476.1:n.1302+36C>T|||||rs12405900||||||||unprocessed_pseudogene||0.00265|0.06005|||||||-0.0790000036358833|,A|intron_variant&non_coding_trans
cript_variant|MODIFIER|WASH7P|38034|ENST00000541675|Transcript||7/8|ENST00000541675.1:n.880+283C>T|||||rs12405900||||||||unprocessed_pseudogene||0.00265|0.06005|||||||-0.0790000036358833|;CSQ_re
fseq=A|intron_variant&non_coding_transcript_variant|MODIFIER|WASH7P||NR_024540.1|Transcript||8/10|NR_024540.1:n.1080+36C>T||,A|downstream_gene_variant|MODIFIER|DDX11L1||NR_046018.2|Transcript|||
||,A|downstream_gene_variant|MODIFIER|MIR6859-1||NR_106918.1|Transcript|||||;gnomADg_AF=0.50200;gnomADg_Hom=102;gnomADg_Hemi=.;CADD_SNV=0.230;mmsplice=[exon:chr1:16606-16765:-,delta_logit_psi:0.
052,pathogenicity:0.4604][exon:chr1:16606-16765:-,delta_logit_psi:0.052,pathogenicity:0.4604][exon:chr1:16606-16765:-,delta_logit_psi:0.052,pathogenicity:0.4604][exon:chr1:16606-16745:-,delta_lo
git_psi:0.052,pathogenicity:0.8008];NGSD_GENE_INFO=DDX11L1%20(inh%3Dn/a%20oe_syn%3Dn/a%20oe_mis%3Dn/a%20oe_lof%3Dn/a):WASH7P%20(inh%3Dn/a%20oe_syn%3Dn/a%20oe_mis%3Dn/a%20oe_lof%3Dn/a)	GT:DP:AO	0/1:86:48
chr1	16977	.	G	A	148	.	MQM=11;SAP=8;ABP=5;CSQ=A|non_coding_transcript_exon_variant|MODIFIER|WASH7P|38034|ENST00000423562|Transcript|6/10||ENST00000423562.1:n.703
C>T|||||rs879121945||||||||unprocessed_pseudogene||0.92873|0.96187|||||||8.24699974060059|,A|non_coding_transcript_exon_variant|MODIFIER|WASH7P|38034|ENST00000438504|Transcript|7/12||ENST0000043
8504.2:n.815C>T|||||rs879121945||||||||unprocessed_pseudogene||0.92873|0.96187|||||||8.24699974060059|,A|downstream_gene_variant|MODIFIER|DDX11L1|37102|ENST00000456328|Transcript||||||||rs879121
945||||||||processed_transcript||0.92873|0.96187|||||||8.24699974060059|,A|non_coding_transcript_exon_variant|MODIFIER|WASH7P|38034|ENST00000488147|Transcript|7/11||ENST00000488147.1:n.789C>T|||
||rs879121945||||||||unprocessed_pseudogene||0.92873|0.96187|||||||8.24699974060059|,A|non_coding_transcript_exon_variant|MODIFIER|WASH7P|38034|ENST00000538476|Transcript|7/13||ENST00000538476.1
:n.1026C>T|||||rs879121945||||||||unprocessed_pseudogene||0.92873|0.96187|||||||8.24699974060059|,A|non_coding_transcript_exon_variant|MODIFIER|WASH7P|38034|ENST00000541675|Transcript|7/9||ENST0
0000541675.1:n.757C>T|||||rs879121945||||||||unprocessed_pseudogene||0.92873|0.96187|||||||8.24699974060059|;CSQ_refseq=A|non_coding_transcript_exon_variant|MODIFIER|WASH7P||NR_024540.1|Transcri
pt|7/11||NR_024540.1:n.802C>T||,A|downstream_gene_variant|MODIFIER|DDX11L1||NR_046018.2|Transcript|||||,A|downstream_gene_variant|MODIFIER|MIR6859-1||NR_106918.1|Transcript|||||;gnomADg_AF=0.381
82;gnomADg_Hom=0;gnomADg_Hemi=.;CADD_SNV=14.77;NGSD_HAF;mmsplice=[exon:chr1:16853-17055:-,delta_logit_psi:0.0087,pathogenicity:0.3098][exon:chr1:16853-17055:-,delta_logit_psi:0.0087,pathogenicit
y:0.3098][exon:chr1:16857-17055:-,delta_logit_psi:0.0088,pathogenicity:0.0964][exon:chr1:16857-17055:-,delta_logit_psi:0.0088,pathogenicity:0.0964][exon:chr1:16857-17055:-,delta_logit_psi:0.0088
,pathogenicity:0.0964];NGSD_GENE_INFO=DDX11L1%20(inh%3Dn/a%20oe_syn%3Dn/a%20oe_mis%3Dn/a%20oe_lof%3Dn/a):WASH7P%20(inh%3Dn/a%20oe_syn%3Dn/a%20oe_mis%3Dn/a%20oe_lof%3Dn/a)	GT:DP:AO	0/
1:71:39
chr1	17538	.	C	A	27	.	MQM=24;SAP=4;ABP=65;CSQ=A|intron_variant&non_coding_transcript_variant|MODIFIER|WASH7P|38034|ENST00000423562|Transcript||4/9|ENST000004235
62.1:n.488+68G>T|||||rs71260068||||||||unprocessed_pseudogene||0.00576|0.12345|||||||-0.796999990940094|,A|intron_variant&non_coding_transcript_variant|MODIFIER|WASH7P|38034|ENST00000438504|Tran
script||5/11|ENST00000438504.2:n.604+64G>T|||||rs71260068||||||||unprocessed_pseudogene||0.00576|0.12345|||||||-0.796999990940094|,A|downstream_gene_variant|MODIFIER|DDX11L1|37102|ENST0000045632
8|Transcript||||||||rs71260068||||||||processed_transcript||0.00576|0.12345|||||||-0.796999990940094|,A|intron_variant&non_coding_transcript_variant|MODIFIER|WASH7P|38034|ENST00000488147|Transcr
ipt||5/10|ENST00000488147.1:n.574+68G>T|||||rs71260068||||||||unprocessed_pseudogene||0.00576|0.12345|||||||-0.796999990940094|,A|intron_variant&non_coding_transcript_variant|MODIFIER|WASH7P|380
34|ENST00000538476|Transcript||5/12|ENST00000538476.1:n.815+64G>T|||||rs71260068||||||||unprocessed_pseudogene||0.00576|0.12345|||||||-0.796999990940094|,A|intron_variant&non_coding_transcript_v
ariant|MODIFIER|WASH7P|38034|ENST00000541675|Transcript||4/8|ENST00000541675.1:n.540-34G>T|||||rs71260068||||||||unprocessed_pseudogene||0.00576|0.12345|||||||-0.796999990940094|;CSQ_refseq=A|in
tron_variant&non_coding_transcript_variant|MODIFIER|WASH7P||NR_024540.1|Transcript||5/10|NR_024540.1:n.587+68G>T||,A|downstream_gene_variant|MODIFIER|DDX11L1||NR_046018.2|Transcript|||||,A|upstr
eam_gene_variant|MODIFIER|MIR6859-1||NR_106918.1|Transcript|||||;gnomADg_AF=0.20708;gnomADg_Hom=1;gnomADg_Hemi=.;CADD_SNV=5.072;NGSD_HAF;mmsplice=[exon:chr1:17497-17504:-,delta_logit_psi:-0.1651
,pathogenicity:0.9779][exon:chr1:17601-17742:-,delta_logit_psi:-0.0874,pathogenicity:0.9521][exon:chr1:17601-17742:-,delta_logit_psi:-0.0874,pathogenicity:0.9521][exon:chr1:17605-17742:-,delta_l
ogit_psi:-0.0874,pathogenicity:0.8812][exon:chr1:17605-17742:-,delta_logit_psi:-0.0874,pathogenicity:0.8812][exon:chr1:17605-17742:-,delta_logit_psi:-0.0874,pathogenicity:0.8812];NGSD_GENE_INFO=
DDX11L1%20(inh%3Dn/a%20oe_syn%3Dn/a%20oe_mis%3Dn/a%20oe_lof%3Dn/a):WASH7P%20(inh%3Dn/a%20oe_syn%3Dn/a%20oe_mis%3Dn/a%20oe_lof%3Dn/a)	GT:DP:AO	0/1:88:19
chr1	17746	.	A	G	28	.	MQM=24;SAP=31;ABP=15;CSQ=G|splice_region_variant&intron_variant&non_coding_transcript_variant|LOW|WASH7P|38034|ENST00000423562|Transcript|
|3/9|ENST00000423562.1:n.352-4T>C|||||rs370884870||||||||unprocessed_pseudogene||0.00113|0.06810|5.494|5.774|||||0.0370000004768372|,G|splice_region_variant&intron_variant&non_coding_transcript_
variant|LOW|WASH7P|38034|ENST00000438504|Transcript||4/11|ENST00000438504.2:n.464-4T>C|||||rs370884870||||||||unprocessed_pseudogene||0.00113|0.06810|5.494|5.774|||||0.0370000004768372|,G|downst
ream_gene_variant|MODIFIER|DDX11L1|37102|ENST00000456328|Transcript||||||||rs370884870||||||||processed_transcript||0.00113|0.06810|||||||0.0370000004768372|,G|splice_region_variant&intron_varia
nt&non_coding_transcript_variant|LOW|WASH7P|38034|ENST00000488147|Transcript||4/10|ENST00000488147.1:n.438-4T>C|||||rs370884870||||||||unprocessed_pseudogene||0.00113|0.06810|5.494|5.774|||||0.0
370000004768372|,G|splice_region_variant&intron_variant&non_coding_transcript_variant|LOW|WASH7P|38034|ENST00000538476|Transcript||4/12|ENST00000538476.1:n.675-4T>C|||||rs370884870||||||||unproc
essed_pseudogene||0.00113|0.06810|5.494|5.774|||||0.0370000004768372|,G|splice_region_variant&intron_variant&non_coding_transcript_variant|LOW|WASH7P|38034|ENST00000541675|Transcript||3/8|ENST00
000541675.1:n.403-4T>C|||||rs370884870||||||||unprocessed_pseudogene||0.00113|0.06810|5.494|5.774|||||0.0370000004768372|;CSQ_refseq=G|splice_region_variant&intron_variant&non_coding_transcript_
variant|LOW|WASH7P||NR_024540.1|Transcript||4/10|NR_024540.1:n.451-4T>C||,G|downstream_gene_variant|MODIFIER|DDX11L1||NR_046018.2|Transcript|||||,G|upstream_gene_variant|MODIFIER|MIR6859-1||NR_1
06918.1|Transcript|||||;gnomADg_AF=0.39394;gnomADg_Hom=1;gnomADg_Hemi=.;CADD_SNV=2.785;mmsplice=[exon:chr1:17601-17742:-,delta_logit_psi:-0.0715,pathogenicity:0.9656][exon:chr1:17601-17742:-,del
ta_logit_psi:-0.0715,pathogenicity:0.9656][exon:chr1:17605-17742:-,delta_logit_psi:-0.0715,pathogenicity:0.9129][exon:chr1:17605-17742:-,delta_logit_psi:-0.0715,pathogenicity:0.9129][exon:chr1:1
7605-17742:-,delta_logit_psi:-0.0715,pathogenicity:0.9129];NGSD_GENE_INFO=DDX11L1%20(inh%3Dn/a%20oe_syn%3Dn/a%20oe_mis%3Dn/a%20oe_lof%3Dn/a):WASH7P%20(inh%3Dn/a%20oe_syn%3Dn/a%20oe_mis%3Dn/a%20o
e_lof%3Dn/a)	GT:DP:AO	0/1:41:13
chr1	20304	.	G	C	149	.	MQM=17;SAP=7;ABP=6;CSQ=C|intron_variant&non_coding_transcript_variant|MODIFIER|WASH7P|38034|ENST00000423562|Transcript||2/9|ENST0000042356
2.1:n.205-2243C>G|||||rs6682950||||||||unprocessed_pseudogene||0.04488|0.10851||||||L3[s](LINE/CR1)|0.836000025272369|,C|intron_variant&non_coding_transcript_variant|MODIFIER|WASH7P|38034|ENST00
000438504|Transcript||2/11|ENST00000438504.2:n.205-1925C>G|||||rs6682950||||||||unprocessed_pseudogene||0.04488|0.10851||||||L3[s](LINE/CR1)|0.836000025272369|,C|intron_variant&non_coding_transc
ript_variant|MODIFIER|WASH7P|38034|ENST00000488147|Transcript||2/10|ENST00000488147.1:n.192-1938C>G|||||rs6682950||||||||unprocessed_pseudogene||0.04488|0.10851||||||L3[s](LINE/CR1)|0.8360000252
72369|,C|intron_variant&non_coding_transcript_variant|MODIFIER|WASH7P|38034|ENST00000538476|Transcript||2/12|ENST00000538476.1:n.429-1938C>G|||||rs6682950||||||||unprocessed_pseudogene||0.04488|
0.10851||||||L3[s](LINE/CR1)|0.836000025272369|,C|intron_variant&non_coding_transcript_variant|MODIFIER|WASH7P|38034|ENST00000541675|Transcript||1/8|ENST00000541675.1:n.154-1935C>G|||||rs6682950
||||||||unprocessed_pseudogene||0.04488|0.10851||||||L3[s](LINE/CR1)|0.836000025272369|;CSQ_refseq=C|intron_variant&non_coding_transcript_variant|MODIFIER|WASH7P||NR_024540.1|Transcript||2/10|NR
_024540.1:n.205-1938C>G||,C|upstream_gene_variant|MODIFIER|MIR6859-1||NR_106918.1|Transcript|||||;gnomADg_AF=0.49869;gnomADg_Hom=43;gnomADg_Hemi=.;CADD_SNV=4.026;NGSD_GENE_INFO=WASH7P%20(inh%3Dn
/a%20oe_syn%3Dn/a%20oe_mis%3Dn/a%20oe_lof%3Dn/a)	GT:DP:AO	0/1:74:32
chr1	20321	.	A	C	429	.	MQM=18;SAP=6;ABP=27;CSQ=C|intron_variant&non_coding_transcript_variant|MODIFIER|WASH7P|38034|ENST00000423562|Transcript||2/9|ENST000004235
62.1:n.205-2260T>G|||||rs6674403||||||||unprocessed_pseudogene||0.09274|0.86123||||||L3[s](LINE/CR1)|1.09399998188019|,C|intron_variant&non_coding_transcript_variant|MODIFIER|WASH7P|38034|ENST00
000438504|Transcript||2/11|ENST00000438504.2:n.205-1942T>G|||||rs6674403||||||||unprocessed_pseudogene||0.09274|0.86123||||||L3[s](LINE/CR1)|1.09399998188019|,C|intron_variant&non_coding_transcr
ipt_variant|MODIFIER|WASH7P|38034|ENST00000488147|Transcript||2/10|ENST00000488147.1:n.192-1955T>G|||||rs6674403||||||||unprocessed_pseudogene||0.09274|0.86123||||||L3[s](LINE/CR1)|1.09399998188
019|,C|intron_variant&non_coding_transcript_variant|MODIFIER|WASH7P|38034|ENST00000538476|Transcript||2/12|ENST00000538476.1:n.429-1955T>G|||||rs6674403||||||||unprocessed_pseudogene||0.09274|0.
86123||||||L3[s](LINE/CR1)|1.09399998188019|,C|intron_variant&non_coding_transcript_variant|MODIFIER|WASH7P|38034|ENST00000541675|Transcript||1/8|ENST00000541675.1:n.154-1952T>G|||||rs6674403|||
|||||unprocessed_pseudogene||0.09274|0.86123||||||L3[s](LINE/CR1)|1.09399998188019|;CSQ_refseq=C|intron_variant&non_coding_transcript_variant|MODIFIER|WASH7P||NR_024540.1|Transcript||2/10|NR_024
540.1:n.205-1955T>G||,C|upstream_gene_variant|MODIFIER|MIR6859-1||NR_106918.1|Transcript|||||;gnomADg_AF=0.52746;gnomADg_Hom=797;gnomADg_Hemi=.;CADD_SNV=10.03;NGSD_GENE_INFO=WASH7P%20(inh%3Dn/a%
20oe_syn%3Dn/a%20oe_mis%3Dn/a%20oe_lof%3Dn/a)	GT:DP:AO	0/1:65:46
chr1	20467	.	C	T	266	.	MQM=21;SAP=68;ABP=6;CSQ=T|intron_variant&non_coding_transcript_variant|MODIFIER|WASH7P|38034|ENST00000423562|Transcript||2/9|ENST000004235
62.1:n.205-2406G>A|||||rs6661256||||||||unprocessed_pseudogene||0.00609|0.05190|||||||-0.754999995231628|,T|intron_variant&non_coding_transcript_variant|MODIFIER|WASH7P|38034|ENST00000438504|Tra
nscript||2/11|ENST00000438504.2:n.205-2088G>A|||||rs6661256||||||||unprocessed_pseudogene||0.00609|0.05190|||||||-0.754999995231628|,T|intron_variant&non_coding_transcript_variant|MODIFIER|WASH7
P|38034|ENST00000488147|Transcript||2/10|ENST00000488147.1:n.192-2101G>A|||||rs6661256||||||||unprocessed_pseudogene||0.00609|0.05190|||||||-0.754999995231628|,T|intron_variant&non_coding_transc
ript_variant|MODIFIER|WASH7P|38034|ENST00000538476|Transcript||2/12|ENST00000538476.1:n.429-2101G>A|||||rs6661256||||||||unprocessed_pseudogene||0.00609|0.05190|||||||-0.754999995231628|,T|intro
n_variant&non_coding_transcript_variant|MODIFIER|WASH7P|38034|ENST00000541675|Transcript||1/8|ENST00000541675.1:n.154-2098G>A|||||rs6661256||||||||unprocessed_pseudogene||0.00609|0.05190|||||||-
0.754999995231628|;CSQ_refseq=T|intron_variant&non_coding_transcript_variant|MODIFIER|WASH7P||NR_024540.1|Transcript||2/10|NR_024540.1:n.205-2101G>A||,T|upstream_gene_variant|MODIFIER|MIR6859-1|
|NR_106918.1|Transcript|||||;gnomADg_AF=0.49877;gnomADg_Hom=17;gnomADg_Hemi=.;CADD_SNV=0.921;NGSD_GENE_INFO=WASH7P%20(inh%3Dn/a%20oe_syn%3Dn/a%20oe_mis%3Dn/a%20oe_lof%3Dn/a)	GT:DP:AO	0/
1:51:30
chr1	20512	.	G	T	152	.	MQM=23;SAP=44;ABP=3;CSQ=T|intron_variant&non_coding_transcript_variant|MODIFIER|WASH7P|38034|ENST00000423562|Transcript||2/9|ENST000004235
62.1:n.205-2451C>A|||||rs6683179||||||||unprocessed_pseudogene||0.05752|0.09621|||||||1.36800003051758|,T|intron_variant&non_coding_transcript_variant|MODIFIER|WASH7P|38034|ENST00000438504|Trans
cript||2/11|ENST00000438504.2:n.205-2133C>A|||||rs6683179||||||||unprocessed_pseudogene||0.05752|0.09621|||||||1.36800003051758|,T|intron_variant&non_coding_transcript_variant|MODIFIER|WASH7P|38
034|ENST00000488147|Transcript||2/10|ENST00000488147.1:n.192-2146C>A|||||rs6683179||||||||unprocessed_pseudogene||0.05752|0.09621|||||||1.36800003051758|,T|intron_variant&non_coding_transcript_v
ariant|MODIFIER|WASH7P|38034|ENST00000538476|Transcript||2/12|ENST00000538476.1:n.429-2146C>A|||||rs6683179||||||||unprocessed_pseudogene||0.05752|0.09621|||||||1.36800003051758|,T|intron_varian
t&non_coding_transcript_variant|MODIFIER|WASH7P|38034|ENST00000541675|Transcript||1/8|ENST00000541675.1:n.154-2143C>A|||||rs6683179||||||||unprocessed_pseudogene||0.05752|0.09621|||||||1.3680000
3051758|;CSQ_refseq=T|intron_variant&non_coding_transcript_variant|MODIFIER|WASH7P||NR_024540.1|Transcript||2/10|NR_024540.1:n.205-2146C>A||,T|upstream_gene_variant|MODIFIER|MIR6859-1||NR_106918
.1|Transcript|||||;gnomADg_AF=0.49854;gnomADg_Hom=22;gnomADg_Hemi=.;CADD_SNV=2.805;NGSD_GENE_INFO=WASH7P%20(inh%3Dn/a%20oe_syn%3Dn/a%20oe_mis%3Dn/a%20oe_lof%3Dn/a)	GT:DP:AO	0/1:41:19
chr1	39261	.	T	C	53	.	MQM=10;SAP=3;ABP=3;CSQ=C|upstream_gene_variant|MODIFIER|FAM138A|32334|ENST00000417324|Transcript||||||||rs11489793||||||||lincRNA||0.00881
|0.40564||||||MLT1E1A-int[s](LTR/ERVL-MaLR)|0.284000009298325|;CSQ_refseq=C|upstream_gene_variant|MODIFIER|FAM138A||NR_026818.1|Transcript|||||;gnomADg_AF=0.56121;gnomADg_Hom=1359;gnomADg_Hemi=.
;CADD_SNV=12.52;NGSD_GENE_INFO=FAM138A%20(inh%3Dn/a%20oe_syn%3Dn/a%20oe_mis%3Dn/a%20oe_lof%3Dn/a)	GT:DP:AO	0/1:16:8
chr1	46633	.	T	A	117	.	MQM=8;SAP=5;ABP=0;CSQ=A|regulatory_region_variant|MODIFIER|||ENSR00000918285|RegulatoryFeature||||||||rs751105903||||||||open_chromatin_re
gion||0.00363|0.07962||||||MER45A[s](DNA/hAT-Tip100)|0.19200000166893|,A|intergenic_variant|MODIFIER||||||||||||rs751105903||||||||||0.00363|0.07962||||||MER45A[s](DNA/hAT-Tip100)|0.192000001668
93|;CSQ_refseq=A|intergenic_variant|MODIFIER|||||||||;gnomADg_AF=0.12466;gnomADg_Hom=244;gnomADg_Hemi=.;CADD_SNV=5.038	GT:DP:AO	1/1:20:20
chr1	46871	.	A	T	40	.	MQM=11;SAP=23;ABP=0;CSQ=T|regulatory_region_variant|MODIFIER|||ENSR00000918285|RegulatoryFeature||||||||rs1276227505||||||||open_chromatin
_region||0.00046|0.04686|||||||-0.720000028610229|,T|intergenic_variant|MODIFIER||||||||||||rs1276227505||||||||||0.00046|0.04686|||||||-0.720000028610229|;CSQ_refseq=T|intergenic_variant|MODIFI
ER|||||||||;gnomADg_AF=0.06774;gnomADg_Hom=6;gnomADg_Hemi=.;CADD_SNV=1.346	GT:DP:AO	1/1:9:9
chr1	46930	.	T	C	26	.	MQM=11;SAP=20;ABP=0;CSQ=C|regulatory_region_variant|MODIFIER|||ENSR00000918285|RegulatoryFeature||||||||rs1344434050||||||||open_chromatin
_region||0.00115|0.06818||||||MER58A[s](DNA/hAT-Charlie)|-0.615000009536743|,C|intergenic_variant|MODIFIER||||||||||||rs1344434050||||||||||0.00115|0.06818||||||MER58A[s](DNA/hAT-Charlie)|-0.615
000009536743|;CSQ_refseq=C|intergenic_variant|MODIFIER|||||||||;gnomADg_AF=0.05163;gnomADg_Hom=6;gnomADg_Hemi=.;CADD_SNV=3.372	GT:DP:AO	1/1:8:8
chr1	47960	.	T	A	43	.	MQM=14;SAP=18;ABP=0;CSQ=A|upstream_gene_variant|MODIFIER|OR4G4P|14822|ENST00000606857|Transcript||||||||rs796517829||||||||unprocessed_pse
udogene||0.01387|0.06698|||||||0.646000027656555|;CSQ_refseq=A|intergenic_variant|MODIFIER|||||||||;gnomADg_AF=0.44568;gnomADg_Hom=259;gnomADg_Hemi=.;CADD_SNV=3.606;NGSD_GENE_INFO=OR4G4P%20(inh%
3Dn/a%20oe_syn%3Dn/a%20oe_mis%3Dn/a%20oe_lof%3Dn/a)	GT:DP:AO	1/1:7:7
chr1	48448	.	C	T	41	.	MQM=13;SAP=16;ABP=0;CSQ=T|upstream_gene_variant|MODIFIER|OR4G4P|14822|ENST00000594647|Transcript||||||||rs201336010||||||||unprocessed_pse
udogene||0.00028|0.04698||||||L1PA14[s](LINE/L1)|-0.675000011920929|,T|upstream_gene_variant|MODIFIER|OR4G4P|14822|ENST00000606857|Transcript||||||||rs201336010||||||||unprocessed_pseudogene||0.
00028|0.04698||||||L1PA14[s](LINE/L1)|-0.675000011920929|;CSQ_refseq=T|intergenic_variant|MODIFIER|||||||||;gnomADg_AF=0.46641;gnomADg_Hom=250;gnomADg_Hemi=.;CADD_SNV=0.046;NGSD_GENE_INFO=OR4G4P
%20(inh%3Dn/a%20oe_syn%3Dn/a%20oe_mis%3Dn/a%20oe_lof%3Dn/a)	GT:DP:AO	1/1:6:6
chr1	50299	.	CA	C	9	.	MQM=8;SAP=18;ABP=0;CSQ=-|upstream_gene_variant|MODIFIER|OR4G4P|14822|ENST00000594647|Transcript||||||||rs769584624||||||||unprocessed_pseu
dogene||||||||||-0.232999995350838|,-|upstream_gene_variant|MODIFIER|OR4G4P|14822|ENST00000606857|Transcript||||||||rs769584624||||||||unprocessed_pseudogene||||||||||-0.232999995350838|;CSQ_ref
seq=-|intergenic_variant|MODIFIER|||||||||;gnomADg_AF=0.00318;gnomADg_Hom=0;gnomADg_Hemi=.;CADD_INDEL=0.054;NGSD_COUNTS=68,317;NGSD_GENE_INFO=OR4G4P%20(inh%3Dn/a%20oe_syn%3Dn/a%20oe_mis%3Dn/a%20
oe_lof%3Dn/a)	GT:DP:AO	1/1:10:7
chr1	50891	.	T	C	60	.	MQM=24;SAP=12;ABP=0;CSQ=C|upstream_gene_variant|MODIFIER|OR4G4P|14822|ENST00000594647|Transcript||||||||rs542415070|0.0018|||||||unprocess
ed_pseudogene||0.01264|0.08529|||||||0.111000001430511|,C|upstream_gene_variant|MODIFIER|OR4G4P|14822|ENST00000606857|Transcript||||||||rs542415070|0.0018|||||||unprocessed_pseudogene||0.01264|0
.08529|||||||0.111000001430511|;CSQ_refseq=C|intergenic_variant|MODIFIER|||||||||;gnomADg_AF=0.0;gnomADg_Hom=0;gnomADg_Hemi=.;CADD_SNV=5.551;NGSD_COUNTS=11,21;NGSD_GENE_INFO=OR4G4P%20(inh%3Dn/a%
20oe_syn%3Dn/a%20oe_mis%3Dn/a%20oe_lof%3Dn/a)	GT:DP:AO	1/1:4:4
chr1	51620	.	A	G	10	.	MQM=13;SAP=10;ABP=0;CSQ=G|upstream_gene_variant|MODIFIER|OR4G4P|14822|ENST00000594647|Transcript||||||||rs1380094878||||||||unprocessed_ps
eudogene||0.00255|0.08206||||||AluYj4[s](SINE/Alu)|-0.773999989032745|,G|upstream_gene_variant|MODIFIER|OR4G4P|14822|ENST00000606857|Transcript||||||||rs1380094878||||||||unprocessed_pseudogene|
|0.00255|0.08206||||||AluYj4[s](SINE/Alu)|-0.773999989032745|;CSQ_refseq=G|intergenic_variant|MODIFIER|||||||||;gnomADg_AF=0.02292;gnomADg_Hom=20;gnomADg_Hemi=.;CADD_SNV=4.704;NGSD_GENE_INFO=OR4
G4P%20(inh%3Dn/a%20oe_syn%3Dn/a%20oe_mis%3Dn/a%20oe_lof%3Dn/a)	GT:DP:AO	1/1:3:3
chr1	54366	.	A	G	85	.	MQM=29;SAP=3;ABP=0;CSQ=G|intron_variant&non_coding_transcript_variant|MODIFIER|OR4G4P|14822|ENST00000594647|Transcript||1/1|ENST0000059464
7.1:n.20-464A>G|||||rs76808986||||||||unprocessed_pseudogene||0.02542|0.07775|||||||1.23699998855591|,G|downstream_gene_variant|MODIFIER|OR4G4P|14822|ENST00000606857|Transcript||||||||rs76808986
||||||||unprocessed_pseudogene||0.02542|0.07775|||||||1.23699998855591|;CSQ_refseq=G|intergenic_variant|MODIFIER|||||||||;gnomADg_AF=0.11209;gnomADg_Hom=44;gnomADg_Hemi=.;CADD_SNV=2.071;NGSD_GEN
E_INFO=OR4G4P%20(inh%3Dn/a%20oe_syn%3Dn/a%20oe_mis%3Dn/a%20oe_lof%3Dn/a)	GT:DP:AO	1/1:5:5
chr1	54380	.	T	C	73	.	MQM=34;SAP=5;ABP=0;CSQ=C|intron_variant&non_coding_transcript_variant|MODIFIER|OR4G4P|14822|ENST00000594647|Transcript||1/1|ENST0000059464
7.1:n.20-450T>C|||||rs2691279||||||||unprocessed_pseudogene||0.00212|0.07621|||||||-0.0489999987185001|,C|downstream_gene_variant|MODIFIER|OR4G4P|14822|ENST00000606857|Transcript||||||||rs269127
9||||||||unprocessed_pseudogene||0.00212|0.07621|||||||-0.0489999987185001|;CSQ_refseq=C|intergenic_variant|MODIFIER|||||||||;gnomADg_AF=0.12044;gnomADg_Hom=62;gnomADg_Hemi=.;CADD_SNV=0.603;NGSD
_GENE_INFO=OR4G4P%20(inh%3Dn/a%20oe_syn%3Dn/a%20oe_mis%3Dn/a%20oe_lof%3Dn/a)	GT:DP:AO	1/1:4:4
chr1	54586	.	T	C	58	.	MQM=44;SAP=10;ABP=0;CSQ=C|intron_variant&non_coding_transcript_variant|MODIFIER|OR4G4P|14822|ENST00000594647|Transcript||1/1|ENST000005946
47.1:n.20-244T>C|||||rs79600414||||||||unprocessed_pseudogene||0.00018|0.03550||||||L2[s](LINE/L2)|-0.565999984741211|,C|downstream_gene_variant|MODIFIER|OR4G4P|14822|ENST00000606857|Transcript|
|||||||rs79600414||||||||unprocessed_pseudogene||0.00018|0.03550||||||L2[s](LINE/L2)|-0.565999984741211|;CSQ_refseq=C|intergenic_variant|MODIFIER|||||||||;gnomADg_AF=0.11641;gnomADg_Hom=40;gnomA
Dg_Hemi=.;CADD_SNV=4.125;NGSD_GENE_INFO=OR4G4P%20(inh%3Dn/a%20oe_syn%3Dn/a%20oe_mis%3Dn/a%20oe_lof%3Dn/a)	GT:DP:AO	1/1:3:3
chr1	54676	.	C	T	112	.	MQM=38;SAP=4;ABP=0;CSQ=T|intron_variant&non_coding_transcript_variant|MODIFIER|OR4G4P|14822|ENST00000594647|Transcript||1/1|ENST0000059464
7.1:n.20-154C>T|||||rs2462492||||||||unprocessed_pseudogene||0.00006|0.03511||||||L2[s](LINE/L2)|-0.216000005602837|,T|downstream_gene_variant|MODIFIER|OR4G4P|14822|ENST00000606857|Transcript|||
|||||rs2462492||||||||unprocessed_pseudogene||0.00006|0.03511||||||L2[s](LINE/L2)|-0.216000005602837|;CSQ_refseq=T|intergenic_variant|MODIFIER|||||||||;gnomADg_AF=0.11766;gnomADg_Hom=142;gnomADg
_Hemi=.;CADD_SNV=1.907;NGSD_GENE_INFO=OR4G4P%20(inh%3Dn/a%20oe_syn%3Dn/a%20oe_mis%3Dn/a%20oe_lof%3Dn/a)	GT:DP:AO	1/1:6:6
chr1	54753	.	T	G	306	.	MQM=52;SAP=11;ABP=0;CSQ=G|intron_variant&non_coding_transcript_variant|MODIFIER|OR4G4P|14822|ENST00000594647|Transcript||1/1|ENST000005946
47.1:n.20-77T>G|||||rs143174675||||||||unprocessed_pseudogene||0.00547|0.27531||||||(TTTC)n[s](Simple_repeat)|0.195999994874001|,G|downstream_gene_variant|MODIFIER|OR4G4P|14822|ENST00000606857|T
ranscript||||||||rs143174675||||||||unprocessed_pseudogene||0.00547|0.27531||||||(TTTC)n[s](Simple_repeat)|0.195999994874001|;CSQ_refseq=G|intergenic_variant|MODIFIER|||||||||;gnomADg_AF=0.00919
;gnomADg_Hom=0;gnomADg_Hemi=.;CADD_SNV=10.33;NGSD_COUNTS=0,5;mmsplice=[exon:chr1:54829-54936:+,delta_logit_psi:-0.071,pathogenicity:0.9546];NGSD_GENE_INFO=OR4G4P%20(inh%3Dn/a%20oe_syn%3Dn/a%20oe
_mis%3Dn/a%20oe_lof%3Dn/a)	GT:DP:AO	1/1:16:13
chr1	54844	.	G	A	354	.	MQM=42;SAP=4;ABP=0;CSQ=A|non_coding_transcript_exon_variant|MODIFIER|OR4G4P|14822|ENST00000594647|Transcript|2/2||ENST00000594647.1:n.34G>
A|||||rs372902470||||||||unprocessed_pseudogene||0.00745|0.07876||||||FLAM_A[s](SINE/Alu)|0.497999995946884|,A|downstream_gene_variant|MODIFIER|OR4G4P|14822|ENST00000606857|Transcript||||||||rs3
72902470||||||||unprocessed_pseudogene||0.00745|0.07876||||||FLAM_A[s](SINE/Alu)|0.497999995946884|;CSQ_refseq=A|intergenic_variant|MODIFIER|||||||||;gnomADg_AF=0.37985;gnomADg_Hom=413;gnomADg_H
emi=.;CADD_SNV=5.515;mmsplice=[exon:chr1:54829-54936:+,delta_logit_psi:-0.1783,pathogenicity:0.9454];NGSD_GENE_INFO=OR4G4P%20(inh%3Dn/a%20oe_syn%3Dn/a%20oe_mis%3Dn/a%20oe_lof%3Dn/a)	GT:DP:AO	1/1:15:15
chr1	55085	.	T	A	85	.	MQM=32;SAP=7;ABP=0;CSQ=A|downstream_gene_variant|MODIFIER|OR4G4P|14822|ENST00000594647|Transcript||||||||rs200480940||||||||unprocessed_ps
eudogene||0.06449|0.09503||||||L2[s](LINE/L2)|1.61500000953674|,A|downstream_gene_variant|MODIFIER|OR4G4P|14822|ENST00000606857|Transcript||||||||rs200480940||||||||unprocessed_pseudogene||0.064
49|0.09503||||||L2[s](LINE/L2)|1.61500000953674|;CSQ_refseq=A|intergenic_variant|MODIFIER|||||||||;gnomADg_AF=0.32375;gnomADg_Hom=279;gnomADg_Hemi=.;CADD_SNV=4.546;NGSD_GENE_INFO=OR4G4P%20(inh%3
Dn/a%20oe_syn%3Dn/a%20oe_mis%3Dn/a%20oe_lof%3Dn/a)	GT:DP:AO	1/1:5:5
chr1	57246	.	C	G	13	.	MQM=11;SAP=10;ABP=0;CSQ=G|downstream_gene_variant|MODIFIER|OR4G4P|14822|ENST00000594647|Transcript||||||||rs2691313||||||||unprocessed_pse
udogene||0.00061|0.03865|||||||-2.3289999961853|,G|downstream_gene_variant|MODIFIER|OR4G4P|14822|ENST00000606857|Transcript||||||||rs2691313||||||||unprocessed_pseudogene||0.00061|0.03865|||||||
-2.3289999961853|;CSQ_refseq=G|intergenic_variant|MODIFIER|||||||||;gnomADg_AF=0.02377;gnomADg_Hom=5;gnomADg_Hemi=.;CADD_SNV=0.086;NGSD_GENE_INFO=OR4G4P%20(inh%3Dn/a%20oe_syn%3Dn/a%20oe_mis%3Dn/
a%20oe_lof%3Dn/a)	GT:DP:AO	1/1:3:3
chr1	58211	.	A	G	28	.	MQM=14;SAP=12;ABP=0;CSQ=G|upstream_gene_variant|MODIFIER|OR4G11P|31276|ENST00000492842|Transcript||||||||rs2691335||||||||unprocessed_pseu
dogene||0.00011|0.03410|||||||0.153999999165535|,G|downstream_gene_variant|MODIFIER|OR4G4P|14822|ENST00000594647|Transcript||||||||rs2691335||||||||unprocessed_pseudogene||0.00011|0.03410|||||||
0.153999999165535|,G|downstream_gene_variant|MODIFIER|OR4G4P|14822|ENST00000606857|Transcript||||||||rs2691335||||||||unprocessed_pseudogene||0.00011|0.03410|||||||0.153999999165535|;CSQ_refseq=
G|intergenic_variant|MODIFIER|||||||||;gnomADg_AF=0.94916;gnomADg_Hom=3008;gnomADg_Hemi=.;CADD_SNV=3.964;NGSD_GENE_INFO=OR4G4P%20(inh%3Dn/a%20oe_syn%3Dn/a%20oe_mis%3Dn/a%20oe_lof%3Dn/a):OR4G11P%
20(inh%3Dn/a%20oe_syn%3Dn/a%20oe_mis%3Dn/a%20oe_lof%3Dn/a)	GT:DP:AO	1/1:4:4
chr1	58989	.	C	G	17	.	MQM=11;SAP=5;ABP=0;CSQ=G|upstream_gene_variant|MODIFIER|OR4G11P|31276|ENST00000492842|Transcript||||||||rs76042094||||||||unprocessed_pseu
dogene||0.03558|0.10000|||||||0.736000001430511|,G|downstream_gene_variant|MODIFIER|OR4G4P|14822|ENST00000594647|Transcript||||||||rs76042094||||||||unprocessed_pseudogene||0.03558|0.10000||||||
|0.736000001430511|;CSQ_refseq=G|intergenic_variant|MODIFIER|||||||||;gnomADg_AF=0.11436;gnomADg_Hom=26;gnomADg_Hemi=.;CADD_SNV=2.130;NGSD_GENE_INFO=OR4G4P%20(inh%3Dn/a%20oe_syn%3Dn/a%20oe_mis%3
Dn/a%20oe_lof%3Dn/a):OR4G11P%20(inh%3Dn/a%20oe_syn%3Dn/a%20oe_mis%3Dn/a%20oe_lof%3Dn/a)	GT:DP:AO	1/1:4:4
chr1	61706	.	G	C	106	.	MQM=28;SAP=18;ABP=0;CSQ=C|upstream_gene_variant|MODIFIER|OR4G11P|31276|ENST00000492842|Transcript||||||||rs530578480||||||||unprocessed_ps
eudogene||0.01495|0.43532||||||L1ME4c[s](LINE/L1)|-0.990000009536743|;CSQ_refseq=C|intergenic_variant|MODIFIER|||||||||;gnomADg_AF=0.00246;gnomADg_Hom=1;gnomADg_Hemi=.;CADD_SNV=3.495;NGSD_COUNTS
=15,19;NGSD_GENE_INFO=OR4G11P%20(inh%3Dn/a%20oe_syn%3Dn/a%20oe_mis%3Dn/a%20oe_lof%3Dn/a)	GT:DP:AO	1/1:7:7
chr1	61851	.	T	A	85	.	MQM=31;SAP=12;ABP=0;CSQ=A|upstream_gene_variant|MODIFIER|OR4G11P|31276|ENST00000492842|Transcript||||||||rs62637819||||||||unprocessed_pse
udogene||0.00577|0.08820||||||L1ME4c[s](LINE/L1)|-0.609000027179718|;CSQ_refseq=A|intergenic_variant|MODIFIER|||||||||;gnomADg_AF=0.26009;gnomADg_Hom=342;gnomADg_Hemi=.;CADD_SNV=4.097;NGSD_GENE_
INFO=OR4G11P%20(inh%3Dn/a%20oe_syn%3Dn/a%20oe_mis%3Dn/a%20oe_lof%3Dn/a)	GT:DP:AO	1/1:4:4
chr1	61987	.	A	G	304	.	MQM=37;SAP=7;ABP=0;CSQ=G|upstream_gene_variant|MODIFIER|OR4G11P|31276|ENST00000492842|Transcript||||||||rs76735897||||||||unprocessed_pseu
dogene||0.00138|0.02880||||||AluSc[s](SINE/Alu)|-2.16899991035461|;CSQ_refseq=G|intergenic_variant|MODIFIER|||||||||;gnomADg_AF=0.46653;gnomADg_Hom=1840;gnomADg_Hemi=.;CADD_SNV=0.031;NGSD_GENE_I
NFO=OR4G11P%20(inh%3Dn/a%20oe_syn%3Dn/a%20oe_mis%3Dn/a%20oe_lof%3Dn/a)	GT:DP:AO	1/1:13:13
chr1	61989	.	G	C	304	.	MQM=37;SAP=7;ABP=0;CSQ=C|upstream_gene_variant|MODIFIER|OR4G11P|31276|ENST00000492842|Transcript||||||||rs77573425||||||||unprocessed_pseu
dogene||0.03215|0.09244||||||AluSc[s](SINE/Alu)|0.945999979972839|;CSQ_refseq=C|intergenic_variant|MODIFIER|||||||||;gnomADg_AF=0.45312;gnomADg_Hom=1827;gnomADg_Hemi=.;CADD_SNV=2.008;NGSD_GENE_I
NFO=OR4G11P%20(inh%3Dn/a%20oe_syn%3Dn/a%20oe_mis%3Dn/a%20oe_lof%3Dn/a)	GT:DP:AO	1/1:13:13
chr1	62203	.	T	C	143	.	MQM=26;SAP=4;ABP=0;CSQ=C|upstream_gene_variant|MODIFIER|OR4G11P|31276|ENST00000492842|Transcript||||||||rs28402963||||||||unprocessed_pseu
dogene||0.00099|0.01777||||||L1ME4c[s](LINE/L1)|-1.69099998474121|;CSQ_refseq=C|intergenic_variant|MODIFIER|||||||||;gnomADg_AF=0.40142;gnomADg_Hom=1180;gnomADg_Hemi=.;CADD_SNV=0.019;NGSD_GENE_I
NFO=OR4G11P%20(inh%3Dn/a%20oe_syn%3Dn/a%20oe_mis%3Dn/a%20oe_lof%3Dn/a)	GT:DP:AO	1/1:8:8
chr1	62239	.	TAC	T	27	.	MQM=27;SAP=7;ABP=0;CSQ=-|upstream_gene_variant|MODIFIER|OR4G11P|31276|ENST00000492842|Transcript||||||||rs375143083||||||||unprocessed_pse
udogene|||||||||(AC)n[s](Simple_repeat)|0.462000012397766&-0.512000024318695|;CSQ_refseq=-|intergenic_variant|MODIFIER|||||||||;gnomADg_AF=0.26698;gnomADg_Hom=224;gnomADg_Hemi=.;CADD_INDEL=8.610
;NGSD_GENE_INFO=OR4G11P%20(inh%3Dn/a%20oe_syn%3Dn/a%20oe_mis%3Dn/a%20oe_lof%3Dn/a)	GT:DP:AO	1/1:2:2
chr1	62271	.	A	G	31	.	MQM=18;SAP=4;ABP=0;CSQ=G|upstream_gene_variant|MODIFIER|OR4G11P|31276|ENST00000492842|Transcript||||||||rs28599927||||||||unprocessed_pseu
dogene||0.00324|0.07992||||||(AC)n[s](Simple_repeat)|-1.66499996185303|;CSQ_refseq=G|intergenic_variant|MODIFIER|||||||||;gnomADg_AF=0.15892;gnomADg_Hom=75;gnomADg_Hemi=.;CADD_SNV=0.799;NGSD_GEN
E_INFO=OR4G11P%20(inh%3Dn/a%20oe_syn%3Dn/a%20oe_mis%3Dn/a%20oe_lof%3Dn/a)	GT:DP:AO	1/1:3:3
chr1	64548	.	A	C	204	.	MQM=26;SAP=8;ABP=0;CSQ=C|upstream_gene_variant|MODIFIER|OR4F5|14825|ENST00000335137|Transcript||||||||rs771510052||||||||protein_coding||0
.00027|0.02656||||||L1PA4[s](LINE/L1)|-1.63499999046326|,C|downstream_gene_variant|MODIFIER|OR4G11P|31276|ENST00000492842|Transcript||||||||rs771510052||||||||unprocessed_pseudogene||0.00027|0.0
2656||||||L1PA4[s](LINE/L1)|-1.63499999046326|;CSQ_refseq=C|upstream_gene_variant|MODIFIER|OR4F5||NM_001005484.1|Transcript|||||;gnomADg_AF=0.39510;gnomADg_Hom=230;gnomADg_Hemi=.;CADD_SNV=1.893;
NGSD_GENE_INFO=OR4G11P%20(inh%3Dn/a%20oe_syn%3Dn/a%20oe_mis%3Dn/a%20oe_lof%3Dn/a):OR4F5%20(inh%3Dn/a%20oe_syn%3D0.92%20oe_mis%3D0.81%20oe_lof%3D0.86)	GT:DP:AO	1/1:11:11
chr1	64552	.	G	A	204	.	MQM=26;SAP=8;ABP=0;CSQ=A|upstream_gene_variant|MODIFIER|OR4F5|14825|ENST00000335137|Transcript||||||||rs749441654||||||||protein_coding||0
.00063|0.02863||||||L1PA4[s](LINE/L1)|-1.29200005531311|,A|downstream_gene_variant|MODIFIER|OR4G11P|31276|ENST00000492842|Transcript||||||||rs749441654||||||||unprocessed_pseudogene||0.00063|0.0
2863||||||L1PA4[s](LINE/L1)|-1.29200005531311|;CSQ_refseq=A|upstream_gene_variant|MODIFIER|OR4F5||NM_001005484.1|Transcript|||||;gnomADg_AF=0.40006;gnomADg_Hom=261;gnomADg_Hemi=.;CADD_SNV=1.407;
NGSD_GENE_INFO=OR4G11P%20(inh%3Dn/a%20oe_syn%3Dn/a%20oe_mis%3Dn/a%20oe_lof%3Dn/a):OR4F5%20(inh%3Dn/a%20oe_syn%3D0.92%20oe_mis%3D0.81%20oe_lof%3D0.86)	GT:DP:AO	1/1:11:11
chr1	64764	.	C	T	84	.	MQM=23;SAP=6;ABP=9;CSQ=T|upstream_gene_variant|MODIFIER|OR4F5|14825|ENST00000335137|Transcript||||||||rs769952832||||||||protein_coding||0
.00028|0.44177|||||||0.414000004529953|,T|downstream_gene_variant|MODIFIER|OR4G11P|31276|ENST00000492842|Transcript||||||||rs769952832||||||||unprocessed_pseudogene||0.00028|0.44177|||||||0.4140
00004529953|;CSQ_refseq=T|upstream_gene_variant|MODIFIER|OR4F5||NM_001005484.1|Transcript|||||;gnomADg_AF=0.08943;gnomADg_Hom=36;gnomADg_Hemi=.;CADD_SNV=4.082;NGSD_GENE_INFO=OR4G11P%20(inh%3Dn/a
%20oe_syn%3Dn/a%20oe_mis%3Dn/a%20oe_lof%3Dn/a):OR4F5%20(inh%3Dn/a%20oe_syn%3D0.92%20oe_mis%3D0.81%20oe_lof%3D0.86)	GT:DP:AO	0/1:14:10
chr1	64976	.	C	T	7	.	MQM=7;SAP=12;ABP=0;CSQ=T|upstream_gene_variant|MODIFIER|OR4F5|14825|ENST00000335137|Transcript||||||||rs2854687||||||||protein_coding||0.0
0009|0.03321|||||||0.144999995827675|,T|downstream_gene_variant|MODIFIER|OR4G11P|31276|ENST00000492842|Transcript||||||||rs2854687||||||||unprocessed_pseudogene||0.00009|0.03321|||||||0.14499999
5827675|;CSQ_refseq=T|upstream_gene_variant|MODIFIER|OR4F5||NM_001005484.1|Transcript|||||;gnomADg_AF=0.08011;gnomADg_Hom=28;gnomADg_Hemi=.;CADD_SNV=3.183;NGSD_GENE_INFO=OR4G11P%20(inh%3Dn/a%20o
e_syn%3Dn/a%20oe_mis%3Dn/a%20oe_lof%3Dn/a):OR4F5%20(inh%3Dn/a%20oe_syn%3D0.92%20oe_mis%3D0.81%20oe_lof%3D0.86)	GT:DP:AO	1/1:4:4
chr1	66162	.	A	T	146	.	MQM=27;SAP=9;ABP=0;CSQ=T|upstream_gene_variant|MODIFIER|OR4F5|14825|ENST00000335137|Transcript||||||||rs62639105||||||||protein_coding||0.
00011|0.04138||||||(AT)n[s](Simple_repeat)|-1.62800002098083|,T|downstream_gene_variant|MODIFIER|OR4G11P|31276|ENST00000492842|Transcript||||||||rs62639105||||||||unprocessed_pseudogene||0.00011
|0.04138||||||(AT)n[s](Simple_repeat)|-1.62800002098083|;CSQ_refseq=T|upstream_gene_variant|MODIFIER|OR4F5||NM_001005484.1|Transcript|||||;gnomADg_AF=0.37923;gnomADg_Hom=468;gnomADg_Hemi=.;CADD_
SNV=3.020;NGSD_GENE_INFO=OR4G11P%20(inh%3Dn/a%20oe_syn%3Dn/a%20oe_mis%3Dn/a%20oe_lof%3Dn/a):OR4F5%20(inh%3Dn/a%20oe_syn%3D0.92%20oe_mis%3D0.81%20oe_lof%3D0.86)	GT:DP:AO	1/1:10:9
chr1	66221	.	A	AT	50	.	MQM=37;SAP=10;ABP=0;CSQ=T|upstream_gene_variant|MODIFIER|OR4F5|14825|ENST00000335137|Transcript||||||||rs1395773082||||||||protein_coding|
||||||||(AT)n[s](Simple_repeat)||,T|downstream_gene_variant|MODIFIER|OR4G11P|31276|ENST00000492842|Transcript||||||||rs1395773082||||||||unprocessed_pseudogene|||||||||(AT)n[s](Simple_repeat)||;
CSQ_refseq=T|upstream_gene_variant|MODIFIER|OR4F5||NM_001005484.1|Transcript|||||;CADD_INDEL=3.617;NGSD_COUNTS=328,753;NGSD_GENE_INFO=OR4G11P%20(inh%3Dn/a%20oe_syn%3Dn/a%20oe_mis%3Dn/a%20oe_lof%
3Dn/a):OR4F5%20(inh%3Dn/a%20oe_syn%3D0.92%20oe_mis%3D0.81%20oe_lof%3D0.86)	GT:DP:AO	1/1:4:3
chr1	66225	.	AT	A	51	.	MQM=37;SAP=10;ABP=0;CSQ=-|upstream_gene_variant|MODIFIER|OR4F5|14825|ENST00000335137|Transcript||||||||rs1438712986||||||||protein_coding|
||||||||(AT)n[s](Simple_repeat)|-0.418999999761581|,-|downstream_gene_variant|MODIFIER|OR4G11P|31276|ENST00000492842|Transcript||||||||rs1438712986||||||||unprocessed_pseudogene|||||||||(AT)n[s]
(Simple_repeat)|-0.418999999761581|;CSQ_refseq=-|upstream_gene_variant|MODIFIER|OR4F5||NM_001005484.1|Transcript|||||;gnomADg_AF=0.00413;gnomADg_Hom=0;gnomADg_Hemi=.;CADD_INDEL=3.163;NGSD_COUNTS
=377,725;NGSD_GENE_INFO=OR4G11P%20(inh%3Dn/a%20oe_syn%3Dn/a%20oe_mis%3Dn/a%20oe_lof%3Dn/a):OR4F5%20(inh%3Dn/a%20oe_syn%3D0.92%20oe_mis%3D0.81%20oe_lof%3D0.86)	GT:DP:AO	1/1:3:3
chr1	66259	.	A	T	63	.	MQM=33;SAP=12;ABP=0;CSQ=T|upstream_gene_variant|MODIFIER|OR4F5|14825|ENST00000335137|Transcript||||||||rs1451704981||||||||protein_coding|
|0.00189|0.05484||||||(AT)n[s](Simple_repeat)|-0.0149999996647239|,T|downstream_gene_variant|MODIFIER|OR4G11P|31276|ENST00000492842|Transcript||||||||rs1451704981||||||||unprocessed_pseudogene||
0.00189|0.05484||||||(AT)n[s](Simple_repeat)|-0.0149999996647239|;CSQ_refseq=T|upstream_gene_variant|MODIFIER|OR4F5||NM_001005484.1|Transcript|||||;gnomADg_AF=0.00017;gnomADg_Hom=0;gnomADg_Hemi=
.;CADD_SNV=1.279;NGSD_COUNTS=19,55;NGSD_GENE_INFO=OR4G11P%20(inh%3Dn/a%20oe_syn%3Dn/a%20oe_mis%3Dn/a%20oe_lof%3Dn/a):OR4F5%20(inh%3Dn/a%20oe_syn%3D0.92%20oe_mis%3D0.81%20oe_lof%3D0.86)	GT
:DP:AO	1/1:4:4
chr1	66264	.	A	T	38	.	MQM=24;SAP=10;ABP=0;CSQ=T|upstream_gene_variant|MODIFIER|OR4F5|14825|ENST00000335137|Transcript||||||||rs1283768309||||||||protein_coding|
|0.00033|0.02085||||||(AT)n[s](Simple_repeat)|-2.00799989700317|,T|downstream_gene_variant|MODIFIER|OR4G11P|31276|ENST00000492842|Transcript||||||||rs1283768309||||||||unprocessed_pseudogene||0.
00033|0.02085||||||(AT)n[s](Simple_repeat)|-2.00799989700317|;CSQ_refseq=T|upstream_gene_variant|MODIFIER|OR4F5||NM_001005484.1|Transcript|||||;gnomADg_AF=0.00044;gnomADg_Hom=0;gnomADg_Hemi=.;CA
DD_SNV=1.276;NGSD_COUNTS=24,54;NGSD_GENE_INFO=OR4G11P%20(inh%3Dn/a%20oe_syn%3Dn/a%20oe_mis%3Dn/a%20oe_lof%3Dn/a):OR4F5%20(inh%3Dn/a%20oe_syn%3D0.92%20oe_mis%3D0.81%20oe_lof%3D0.86)	GT:DP:AO	1/1:3:3
chr1	66269	.	A	T	38	.	MQM=24;SAP=10;ABP=0;CSQ=T|upstream_gene_variant|MODIFIER|OR4F5|14825|ENST00000335137|Transcript||||||||rs566611200|0.0026|||||||protein_co
ding||0.00027|0.02037||||||(AT)n[s](Simple_repeat)|-3.06800007820129|,T|downstream_gene_variant|MODIFIER|OR4G11P|31276|ENST00000492842|Transcript||||||||rs566611200|0.0026|||||||unprocessed_pseu
dogene||0.00027|0.02037||||||(AT)n[s](Simple_repeat)|-3.06800007820129|;CSQ_refseq=T|upstream_gene_variant|MODIFIER|OR4F5||NM_001005484.1|Transcript|||||;CADD_SNV=1.288;NGSD_COUNTS=22,94;NGSD_GE
NE_INFO=OR4G11P%20(inh%3Dn/a%20oe_syn%3Dn/a%20oe_mis%3Dn/a%20oe_lof%3Dn/a):OR4F5%20(inh%3Dn/a%20oe_syn%3D0.92%20oe_mis%3D0.81%20oe_lof%3D0.86)	GT:DP:AO	1/1:3:3
chr1	66275	.	A	T	38	.	MQM=24;SAP=10;ABP=0;CSQ=T|upstream_gene_variant|MODIFIER|OR4F5|14825|ENST00000335137|Transcript||||||||rs796899852||||||||protein_coding||
0.00058|0.05049||||||(AT)n[s](Simple_repeat)|-1.13800001144409|,T|downstream_gene_variant|MODIFIER|OR4G11P|31276|ENST00000492842|Transcript||||||||rs796899852||||||||unprocessed_pseudogene||0.00
058|0.05049||||||(AT)n[s](Simple_repeat)|-1.13800001144409|;CSQ_refseq=T|upstream_gene_variant|MODIFIER|OR4F5||NM_001005484.1|Transcript|||||;gnomADg_AF=0.00203;gnomADg_Hom=0;gnomADg_Hemi=.;CADD
_SNV=1.288;NGSD_COUNTS=65,177;NGSD_GENE_INFO=OR4G11P%20(inh%3Dn/a%20oe_syn%3Dn/a%20oe_mis%3Dn/a%20oe_lof%3Dn/a):OR4F5%20(inh%3Dn/a%20oe_syn%3D0.92%20oe_mis%3D0.81%20oe_lof%3D0.86)	GT:DP:AO	1/1:3:3
chr1	66378	.	A	T	41	.	MQM=22;SAP=4;ABP=0;CSQ=T|upstream_gene_variant|MODIFIER|OR4F5|14825|ENST00000335137|Transcript||||||||rs866549989||||||||protein_coding||0
.00029|0.02183||||||(AT)n[s](Simple_repeat)|-1.77900004386902|,T|downstream_gene_variant|MODIFIER|OR4G11P|31276|ENST00000492842|Transcript||||||||rs866549989||||||||unprocessed_pseudogene||0.000
29|0.02183||||||(AT)n[s](Simple_repeat)|-1.77900004386902|;CSQ_refseq=T|upstream_gene_variant|MODIFIER|OR4F5||NM_001005484.1|Transcript|||||;CADD_SNV=1.331;NGSD_COUNTS=64,34;NGSD_GENE_INFO=OR4G1
1P%20(inh%3Dn/a%20oe_syn%3Dn/a%20oe_mis%3Dn/a%20oe_lof%3Dn/a):OR4F5%20(inh%3Dn/a%20oe_syn%3D0.92%20oe_mis%3D0.81%20oe_lof%3D0.86)	GT:DP:AO	1/1:3:3
chr1	66795	.	T	A	53	.	MQM=27;SAP=10;ABP=0;CSQ=A|upstream_gene_variant|MODIFIER|OR4F5|14825|ENST00000335137|Transcript||||||||rs1487913427||||||||protein_coding|
|0.00028|0.03954|||||||0.115000002086163|,A|downstream_gene_variant|MODIFIER|OR4G11P|31276|ENST00000492842|Transcript||||||||rs1487913427||||||||unprocessed_pseudogene||0.00028|0.03954|||||||0.1
15000002086163|;CSQ_refseq=A|upstream_gene_variant|MODIFIER|OR4F5||NM_001005484.1|Transcript|||||;gnomADg_AF=0.03920;gnomADg_Hom=2;gnomADg_Hemi=.;CADD_SNV=3.169;NGSD_GENE_INFO=OR4G11P%20(inh%3Dn
/a%20oe_syn%3Dn/a%20oe_mis%3Dn/a%20oe_lof%3Dn/a):OR4F5%20(inh%3Dn/a%20oe_syn%3D0.92%20oe_mis%3D0.81%20oe_lof%3D0.86)	GT:DP:AO	1/1:4:3
chr1	66814	.	A	G	40	.	MQM=22;SAP=10;ABP=0;CSQ=G|upstream_gene_variant|MODIFIER|OR4F5|14825|ENST00000335137|Transcript||||||||rs528293035||||||||protein_coding||
0.00028|0.03487|||||||-0.375999987125397|,G|downstream_gene_variant|MODIFIER|OR4G11P|31276|ENST00000492842|Transcript||||||||rs528293035||||||||unprocessed_pseudogene||0.00028|0.03487|||||||-0.3
75999987125397|;CSQ_refseq=G|upstream_gene_variant|MODIFIER|OR4F5||NM_001005484.1|Transcript|||||;gnomADg_AF=0.04974;gnomADg_Hom=2;gnomADg_Hemi=.;CADD_SNV=3.178;NGSD_GENE_INFO=OR4G11P%20(inh%3Dn
/a%20oe_syn%3Dn/a%20oe_mis%3Dn/a%20oe_lof%3Dn/a):OR4F5%20(inh%3Dn/a%20oe_syn%3D0.92%20oe_mis%3D0.81%20oe_lof%3D0.86)	GT:DP:AO	1/1:3:3
chr1	67242	.	A	C	25	.	MQM=13;SAP=5;ABP=0;CSQ=C|upstream_gene_variant|MODIFIER|OR4F5|14825|ENST00000335137|Transcript||||||||rs77818189||||||||protein_coding||0.
00048|0.04973|||||||-2.47699999809265|,C|downstream_gene_variant|MODIFIER|OR4G11P|31276|ENST00000492842|Transcript||||||||rs77818189||||||||unprocessed_pseudogene||0.00048|0.04973|||||||-2.47699
999809265|;CSQ_refseq=C|upstream_gene_variant|MODIFIER|OR4F5||NM_001005484.1|Transcript|||||;gnomADg_AF=0.02443;gnomADg_Hom=13;gnomADg_Hemi=.;CADD_SNV=0.580;NGSD_GENE_INFO=OR4G11P%20(inh%3Dn/a%2
0oe_syn%3Dn/a%20oe_mis%3Dn/a%20oe_lof%3Dn/a):OR4F5%20(inh%3Dn/a%20oe_syn%3D0.92%20oe_mis%3D0.81%20oe_lof%3D0.86)	GT:DP:AO	1/1:4:4
chr1	67448	.	T	A	43	.	MQM=16;SAP=14;ABP=0;CSQ=A|upstream_gene_variant|MODIFIER|OR4F5|14825|ENST00000335137|Transcript||||||||rs762865984||||||||protein_coding||
0.00048|0.04545|||||||-0.677999973297119|,A|downstream_gene_variant|MODIFIER|OR4G11P|31276|ENST00000492842|Transcript||||||||rs762865984||||||||unprocessed_pseudogene||0.00048|0.04545|||||||-0.6
77999973297119|;CSQ_refseq=A|upstream_gene_variant|MODIFIER|OR4F5||NM_001005484.1|Transcript|||||;gnomADg_AF=0.05425;gnomADg_Hom=9;gnomADg_Hemi=.;CADD_SNV=3.191;NGSD_GENE_INFO=OR4G11P%20(inh%3Dn
/a%20oe_syn%3Dn/a%20oe_mis%3Dn/a%20oe_lof%3Dn/a):OR4F5%20(inh%3Dn/a%20oe_syn%3D0.92%20oe_mis%3D0.81%20oe_lof%3D0.86)	GT:DP:AO	1/1:5:5
chr1	68387	.	G	C	28	.	MQM=14;SAP=5;ABP=0;CSQ=C|upstream_gene_variant|MODIFIER|OR4F5|14825|ENST00000335137|Transcript||||||||rs1019297877||||||||protein_coding||
0.00399|0.05237|||||||0.179000005125999|,C|downstream_gene_variant|MODIFIER|OR4G11P|31276|ENST00000492842|Transcript||||||||rs1019297877||||||||unprocessed_pseudogene||0.00399|0.05237|||||||0.17
9000005125999|;CSQ_refseq=C|upstream_gene_variant|MODIFIER|OR4F5||NM_001005484.1|Transcript|||||;gnomADg_AF=0.00685;gnomADg_Hom=0;gnomADg_Hemi=.;CADD_SNV=0.123;NGSD_COUNTS=55,5;NGSD_GENE_INFO=OR
4G11P%20(inh%3Dn/a%20oe_syn%3Dn/a%20oe_mis%3Dn/a%20oe_lof%3Dn/a):OR4F5%20(inh%3Dn/a%20oe_syn%3D0.92%20oe_mis%3D0.81%20oe_lof%3D0.86)	GT:DP:AO	1/1:4:4
chr1	68407	.	A	G	28	.	MQM=14;SAP=5;ABP=0;CSQ=G|upstream_gene_variant|MODIFIER|OR4F5|14825|ENST00000335137|Transcript||||||||rs1317372601||||||||protein_coding||
0.04383|0.10763|||||||0.648999989032745|,G|downstream_gene_variant|MODIFIER|OR4G11P|31276|ENST00000492842|Transcript||||||||rs1317372601||||||||unprocessed_pseudogene||0.04383|0.10763|||||||0.64
8999989032745|;CSQ_refseq=G|upstream_gene_variant|MODIFIER|OR4F5||NM_001005484.1|Transcript|||||;gnomADg_AF=0.00892;gnomADg_Hom=0;gnomADg_Hemi=.;CADD_SNV=4.052;NGSD_COUNTS=51,8;NGSD_GENE_INFO=OR
4G11P%20(inh%3Dn/a%20oe_syn%3Dn/a%20oe_mis%3Dn/a%20oe_lof%3Dn/a):OR4F5%20(inh%3Dn/a%20oe_syn%3D0.92%20oe_mis%3D0.81%20oe_lof%3D0.86)	GT:DP:AO	1/1:4:4
chr1	69968	.	A	G	13	.	MQM=11;SAP=10;ABP=0;CSQ=G|missense_variant|MODERATE|OR4F5|14825|ENST00000335137|Transcript|1/1||ENST00000335137.3:c.878A>G|ENSP00000334393
.3:p.Gln293Arg|Superfamily_domains:SSF81321&hmmpanther:PTHR26451&hmmpanther:PTHR26451:SF72&Gene3D:1.20.1070.10|tolerated(1)|benign(0)|rs1365205342||9.84e-05|0|0|0|0|0.0003834|protein_coding|0.02
8|0.00093|0.06666|||||||-0.377000004053116|;CSQ_refseq=G|missense_variant|MODERATE|OR4F5||NM_001005484.1|Transcript|1/1||NM_001005484.1:c.878A>G|NP_001005484.1:p.Gln293Arg|;gnomADg_AF=0.00293;gn
omADg_Hom=0;gnomADg_Hemi=.;CADD_SNV=1.369;NGSD_COUNTS=41,2;mmsplice=[exon:chr1:69090-70008:+,delta_logit_psi:0.0236,pathogenicity:0.9306];NGSD_GENE_INFO=OR4F5%20(inh%3Dn/a%20oe_syn%3D0.92%20oe_m
is%3D0.81%20oe_lof%3D0.86)	GT:DP:AO	1/1:3:3
chr1	70300	.	C	T	102	.	MQM=11;SAP=3;ABP=0;CSQ=T|downstream_gene_variant|MODIFIER|OR4F5|14825|ENST00000335137|Transcript||||||||rs2691303||||||||protein_coding||0
.00006|0.02790|||||||-0.0860000029206276|;CSQ_refseq=T|downstream_gene_variant|MODIFIER|OR4F5||NM_001005484.1|Transcript|||||;gnomADg_AF=0.06897;gnomADg_Hom=85;gnomADg_Hemi=.;CADD_SNV=3.493;NGSD
_GENE_INFO=OR4F5%20(inh%3Dn/a%20oe_syn%3D0.92%20oe_mis%3D0.81%20oe_lof%3D0.86)	GT:DP:AO	1/1:12:12